function	SA_D070	SA_D061	SA_D080	SA_D063	SA_D075	SA_D053	SA_D057	SA_D078	SA_D062	SA_D068	SA_D060	SA_D076	SA_D071	SA_D085	SA_D059	SA_D058	SA_D067	SA_D098	SA_D097	SA_D066	SA_D072	SA_D065	SA_D064	SA_D090	SA_D089	SA_D091	SA_D073	SA_D079	SA_D074	SA_D084	SA_D077	SA_D096	SA_D069	SA_D083	SA_D056	SA_D054	SA_D095	SA_D081	SA_D086	SA_D100	SA_D088	SA_D092	SA_D093	SA_D055	SA_D099	SA_D082	SA_D094	SA_D087
acetate_oxidation.value	289533	210431	382160	458848	595962	163379	222348	141916	463556	565796	656127	606364	417574	163646	336179	391583	237175	212006	230319	337129	268419	297065	433771	356699	266572	205896	300197	251098	316839	287959	180360	247465	258471	138604	358369	393490	196495	189258	194818	220645	274412	89381	211527	202955	274574	215465	270238	192977
acetoclastic_methanogenesis.value	1188	0	1265	0	0	0	0	0	332	1342	13763	6027	259	0	0	1009	0	0	0	2214	4884	0	192	946	0	0	170	0	1327	18057	0	826	1373	247	4047	1582	0	0	978	0	1303	623	0	0	235	500	281	76
aerobic_ammonia_oxidation.value	9402	2984	34111	1695	2906	290	1085	22823	4823	13143	17229	27200	14676	7691	1096	784	8373	5144	6043	12989	19752	4441	6876	36093	9492	15551	7472	9288	55611	29369	5122	10778	3302	11039	9590	4113	9600	15297	21664	4610	23554	7892	6775	1693	7095	15907	12339	9249
aerobic_anoxygenic_phototrophy.value	2606	1853	1430	6030	6579	0	0	181	3150	707	0	19511	2760	0	1389	0	441	1206	1566	11067	4972	1248	7253	0	0	0	1245	231	9248	3373	1023	1078	490	198	557	759	0	0	6383	4645	3003	0	661	1433	2583	0	351	0
aerobic_chemoheterotrophy.value	1712608	6080040	3749680	5528152	12042677	4989750	6549645	2687956	7078189	2793626	7765329	9638978	9951529	5973649	6569948	5461271	6188999	3978001	4491028	5163849	2765268	6355438	5285074	5786316	5387003	3926702	6450954	3369752	4284822	3968302	3935091	2895431	4080140	4135340	3354791	5541705	3410818	3075970	3384521	5920680	5461325	2531083	3201214	4358568	3709166	2664603	2932168	3904511
aerobic_nitrite_oxidation.value	536	0	550	0	0	0	2712	0	0	0	0	0	0	0	0	672	0	0	0	0	0	535	0	0	345	0	0	0	0	0	0	0	262	0	446	253	0	230	0	0	227	0	0	287	0	400	140	304
alcohol_fermentation.value	24727	2732	9350	3675	10965	0	1085	8644	9117	47539	20413	14133	2155	2459	2909	8404	5844	5161	4436	16457	29128	10817	6340	9713	2643	2740	5207	4824	18698	37892	3896	4539	12216	4447	10841	2973	4570	4311	33121	14051	7516	2824	5869	5900	6706	7238	9831	5145
alginate_degradation.value	0	0	0	0	0	0	0	0	0	0	0	0	0	0	0	0	0	0	0	0	0	0	0	0	0	0	0	0	322	0	0	0	262	0	0	0	0	0	0	0	567	0	0	0	313	0	0	0
aliphatic_non_methane_hydrocarbon_degradation.value	0	0	0	0	0	0	0	0	0	0	0	0	0	0	0	0	0	0	0	577	588	178	0	662	0	0	0	0	965	0	0	0	131	0	297	2530	0	0	0	516	340	46	0	287	0	0	0	0
anaerobic_chemoheterotrophy.value	871670	220986	458258	187824	80283	97664	121344	379508	343779	1157564	676446	271337	177019	181033	337248	501708	108394	74781	111585	712061	455832	148793	230503	342737	140625	223681	251437	245891	531949	471286	201572	109188	164787	89291	482742	409354	96895	145418	173474	119662	279873	64868	135066	86460	149103	208685	227407	214046
anammox.value	4215	2341	4180	1884	2741	1452	0	1087	2155	1836	9897	10626	3449	0	0	2466	1104	603	835	4234	4532	0	3842	2774	920	380	1358	848	10697	19664	314	2444	3205	1382	3120	633	1344	2183	4694	6193	2607	1615	1570	1434	2270	3402	2738	836
animal_parasites_or_symbionts.value	39022	33130	107421	65010	78021	31513	67248	74282	67193	45078	91768	108111	108676	86215	34549	53904	53143	97021	101242	122602	85305	75765	66438	97145	75219	50122	35004	42463	111068	100850	75249	81175	46915	72164	61782	73830	63472	43075	72540	91390	83776	41378	41575	51429	52137	53692	51659	43349
anoxygenic_photoautotrophy_Fe_oxidizing.value	0	0	14299	0	0	0	0	0	0	4097	0	0	0	0	0	0	0	0	0	0	0	0	0	0	0	0	0	1003	0	0	0	0	0	0	10025	0	0	0	0	0	0	0	0	0	0	2252	0	0
anoxygenic_photoautotrophy_H2_oxidizing.value	20538	3219	23978	49559	0	4357	24404	20544	4807	876450	9588	4495	4484	9833	1058	35415	11909	0	626	136278	20946	45291	14700	5235	230	0	14605	1620	49135	9903	1889	934	16870	889	452080	9489	0	1321	10417	1204	37843	3233	1322	5160	627	3552	6250	6161
anoxygenic_photoautotrophy_S_oxidizing.value	2707158	975	1852897	2356	11514	0	33624	1422123	423607	1500094	285615	154868	65717	29148	1322	587263	16760	5227	2297	1187814	662783	7489	26372	482602	42341	95162	30456	534250	644933	122629	325308	43832	36813	10574	796936	18409	7784	92577	27690	35096	260944	268678	66500	4301	6184	317505	417691	133702
anoxygenic_photoautotrophy.value	2734134	16877	1865436	80558	33993	11618	87854	1424296	438858	2116320	287162	173255	66752	33713	2909	686784	51604	7640	2297	1413789	669314	60982	54043	485567	43835	102092	46532	539034	664153	126360	325308	54969	102590	10574	985549	24988	17975	118891	34145	46623	265703	272742	75097	12615	8688	332517	438264	135983
aromatic_compound_degradation.value	30654	15106	19578	113000	200664	5083	21693	14843	30553	16811	91699	191106	110268	141524	105571	74304	44325	69965	88307	27234	55573	34501	129975	35954	23440	11500	36683	7562	57086	76850	22157	25580	59543	48177	37514	17039	17696	16632	116899	70539	55918	14686	13722	36621	31810	19340	22857	29887
aromatic_hydrocarbon_degradation.value	2146	3659	9789	0	0	0	0	0	5470	5651	10515	11647	345	0	2248	8068	5623	1809	0	8373	6236	7667	2306	2397	0	609	2604	617	8525	20953	945	1150	1634	642	19901	1012	224	517	4035	5334	3796	4572	0	573	3600	2727	3967	646
arsenate_detoxification.value	0	0	0	0	0	0	0	0	0	0	0	0	0	0	0	0	0	0	0	0	0	0	0	0	0	0	0	0	0	0	0	0	0	0	0	0	0	0	0	0	0	0	0	0	0	0	0	0
arsenate_respiration.value	0	0	110	0	0	0	0	317	0	283	0	0	0	0	0	0	0	0	0	0	0	0	0	0	0	152	0	309	0	215	157	0	0	0	0	0	0	57	0	0	113	0	0	0	0	0	70	0
arsenite_oxidation_detoxification.value	0	0	0	0	0	0	0	0	0	0	0	0	0	0	0	0	0	0	0	0	0	0	0	0	0	0	0	0	0	0	0	0	0	0	0	3796	0	0	0	0	0	0	0	0	0	0	0	0
arsenite_oxidation_energy_yielding.value	0	0	0	0	0	0	0	0	0	0	0	0	0	0	0	0	0	0	0	0	0	0	0	0	0	0	0	0	0	0	0	0	0	0	0	0	0	0	0	0	0	0	0	0	0	0	0	0
cellulolysis.value	17460	1659	18351	2449	17546	0	28743	8149	8567	49518	25670	37084	10692	7786	7007	21779	4834	4790	4142	19247	38521	5024	14394	8515	709	5165	7075	7022	37681	44545	4499	10062	15108	4743	12530	6181	8829	4750	26934	17634	22477	4150	5814	2723	10905	8854	10495	8108
chemoheterotrophy.value	2834586	6961709	4597300	5998885	12823372	5344829	6947568	3448144	8475606	4806421	9060977	10760107	10674822	6705677	7482854	6365016	6986834	4272812	4924147	6801747	3532749	7061572	5959067	6718445	5922284	4546744	7334468	4021350	5449720	4939310	4576230	3361376	4656923	4695241	4425151	6587462	3835897	3471822	3845016	6452113	6222323	2837377	3622562	5009535	4115246	3105762	3465257	4482028
chitinolysis.value	2761	781	3520	188	11514	0	542	2716	1990	848	3713	17264	2760	1932	1389	7508	662	1810	1723	3464	3000	2765	1969	2776	517	760	1188	2007	7399	9762	1260	2803	5787	2322	2749	1519	2576	1897	6821	8086	11219	1340	2810	1433	5126	2651	2387	3650
chlorate_reducers.value	0	0	0	0	0	0	0	3620	0	0	0	0	0	108513	0	0	0	39004	56992	0	0	0	0	23591	16086	0	0	0	0	0	5510	0	0	0	0	0	0	0	78346	0	0	0	0	0	0	0	0	0
chloroplasts.value	0	36087	20458	3016	8224	0	813	1629	54039	17942	4546	10270	7709	21071	4878	224	3064	8343	6200	108786	76546	35234	4781	0	1149	305	11861	1465	15234	17365	393	6144	5317	1087	1461	316	7112	115	8754	3285	7762	184	0	2579	548	1376	140	2281
class	0	0	0	0	0	0	0	0	0	0	0	0	0	0	0	0	0	0	0	0	0	0	0	0	0	0	0	0	0	0	0	0	0	0	0	0	0	0	0	0	0	0	0	0	0	0	0	0
collagen_degradation.value	0	0	0	0	0	0	0	0	0	0	0	0	0	0	0	0	0	0	0	0	0	0	0	0	0	0	0	0	0	0	0	0	0	0	0	0	0	0	0	0	0	0	0	0	0	0	0	0
dark_hydrogen_oxidation.value	47208	9757	91839	29773	9595	21783	22235	12672	20139	416256	43296	39636	38377	527	33851	58636	13672	1809	3133	67369	49013	15513	161604	10723	5286	6662	13586	26078	43711	49870	2282	15701	17002	7759	158950	27710	7896	9106	18338	16429	13597	18163	7523	18706	16436	16609	14779	5778
dark_iron_oxidation.value	0	0	0	0	0	0	0	0	0	0	0	0	0	0	0	0	0	0	0	0	0	0	0	0	0	0	0	0	0	0	0	0	0	0	0	0	0	0	0	0	0	0	0	0	0	0	0	0
dark_oxidation_of_sulfur_compounds.value	27361	107411	45755	110425	196825	50103	39046	34664	99458	38920	17320	478900	47778	58296	9653	67917	67755	34178	39665	59285	9474	100567	56879	54623	38147	32594	44720	19443	26942	21239	14954	269592	10593	32910	63601	5441	435546	319106	27729	256521	173926	22051	110682	21643	309091	103882	65725	154465
dark_sulfide_oxidation.value	27361	107411	45755	110425	196825	50103	39046	34664	99458	38285	17320	478900	47778	58296	9653	67917	67755	34178	39247	59285	9474	100567	56879	54623	38147	32594	44720	19443	25977	21239	14954	269592	10070	32515	63601	4555	435434	319106	27582	256521	173926	22051	110682	21643	309091	103582	65725	154465
dark_sulfite_oxidation.value	0	0	0	0	0	0	0	0	0	0	0	0	0	0	0	0	0	0	0	0	0	0	0	0	0	0	0	0	0	0	0	0	0	0	0	0	0	0	0	0	0	0	0	0	0	0	0	0
dark_sulfur_oxidation.value	16631	12878	31017	47863	49344	31224	13015	22084	10775	22250	1547	30647	1035	14047	3042	45727	50554	9650	7307	24254	1413	54384	23252	32547	28725	24370	2264	13888	3217	4592	9681	251484	8893	8005	24615	2151	409338	36599	3594	3957	2493	14523	12234	5590	4383	14661	7794	2661
dark_thiosulfate_oxidation.value	16861	12878	31017	47863	135421	31224	13015	22084	23373	28607	4949	452749	1380	38629	3042	45727	50554	26941	34759	29066	1413	54384	23252	40242	28725	24370	2264	13888	3217	6458	9681	252346	8893	8005	25655	2784	415722	36599	11737	65033	58127	15447	14135	5590	12599	14661	17203	58713
dissimilatory_arsenate_reduction.value	0	0	110	0	0	0	0	317	0	283	0	0	0	0	0	0	0	0	0	0	0	0	0	0	0	152	0	309	0	215	157	0	0	0	0	0	0	57	0	0	113	0	0	0	0	0	70	0
dissimilatory_arsenite_oxidation.value	0	0	0	0	0	0	0	0	0	0	0	0	0	0	0	0	0	0	0	0	0	0	0	0	0	0	0	0	0	0	0	0	0	0	0	3796	0	0	0	0	0	0	0	0	0	0	0	0
domain	0	0	0	0	0	0	0	0	0	0	0	0	0	0	0	0	0	0	0	0	0	0	0	0	0	0	0	0	0	0	0	0	0	0	0	0	0	0	0	0	0	0	0	0	0	0	0	0
facultative_anaerobes.value	222249	142758	237601	212873	19974	32313	17354	120102	150850	225999	424637	98791	74513	63211	300756	154437	53838	41187	73828	171596	85666	86584	191274	205757	76064	175824	184769	168592	166230	149774	77191	72088	90863	43736	217526	192917	72637	73019	51251	47624	171450	37084	48851	33253	78131	113752	81859	152429
family	0	0	0	0	0	0	0	0	0	0	0	0	0	0	0	0	0	0	0	0	0	0	0	0	0	0	0	0	0	0	0	0	0	0	0	0	0	0	0	0	0	0	0	0	0	0	0	0
fermentation.value	1013583	468497	619544	215115	84360	157281	139240	639383	689081	1431466	793105	325283	294741	317230	354027	547099	237670	129737	184411	926770	532400	392842	264665	704692	228814	279585	383257	349173	652137	655538	370109	157563	232281	120518	664701	540581	148422	186070	227075	232676	328936	116732	218345	122509	190657	276411	336198	240330
fish_parasites.value	0	0	0	0	0	0	0	0	0	0	0	0	0	0	0	0	0	0	0	0	0	0	0	0	0	0	0	0	0	0	0	0	0	0	0	0	0	0	0	0	0	0	0	0	0	0	0	0
fumarate_respiration.value	35967	585	88962	1695	916	0	7413	10695	15527	389252	26495	73756	18024	1054	661	54989	11743	3585	470	60793	47878	6449	13419	7087	690	5446	5378	22542	41151	31596	6337	8911	7422	1976	146312	380	2539	23375	5697	12013	34087	17448	32474	3010	10970	25120	50756	20585
gelatin_degradation.value	64863	311862	237994	269794	581668	348543	271157	151881	335963	153946	404203	496572	266050	285389	491500	306927	216035	245976	315965	283179	106630	428736	301368	290803	285245	253695	366919	211014	245549	122447	148840	132465	199514	114444	184962	568392	157553	198392	276018	291865	298587	72497	202821	286968	228223	146311	213496	254664
genus	0	0	0	0	0	0	0	0	0	0	0	0	0	0	0	0	0	0	0	0	0	0	0	0	0	0	0	0	0	0	0	0	0	0	0	0	0	0	0	0	0	0	0	0	0	0	0	0
human_associated.value	47591	10391	47627	19693	49344	13796	10712	38739	172849	79186	59692	61497	109095	17735	21022	27342	18413	14510	14666	86807	122857	34176	37949	28634	37919	3120	44289	12771	161949	66966	41794	40828	20858	45116	35965	10376	21308	14337	24649	49578	39448	6352	44719	23005	21525	22200	41292	24671
human_gut.value	6820	0	6930	1131	0	1452	2577	7242	1492	34330	0	3677	1380	0	397	2914	4520	1809	1409	12127	2824	3031	336	1513	0	609	1868	1929	5911	5109	1417	2062	981	2569	6165	1645	2660	1437	2531	18266	8400	485	1157	1003	11506	3702	2036	3989
human_pathogens_all.value	10998	9659	19964	17148	41669	4357	7050	25885	20596	8197	24125	37798	56919	16154	13354	12773	2757	9449	9707	40996	28833	23716	34106	15515	36195	2130	10551	2547	21513	24918	38725	35641	10266	39581	12683	3923	14112	4108	7189	21678	22867	3096	3968	3727	6810	8516	3301	18539
human_pathogens_diarrhea.value	2683	0	12979	377	0	0	0	2082	829	5087	6187	3882	1035	0	925	2913	221	3015	522	14050	3826	357	1440	1134	460	1674	815	1775	7318	9045	1023	2156	981	2174	9358	1898	0	1895	1174	344	2607	1710	1488	2293	548	4402	1966	3192
human_pathogens_gastroenteritis.value	0	0	0	0	0	0	0	0	0	0	0	0	0	0	0	0	0	0	0	0	0	0	0	0	0	0	0	0	0	86	0	0	0	0	0	0	0	0	0	0	0	0	0	0	0	0	0	0
human_pathogens_meningitis.value	0	0	0	0	0	0	0	0	207	0	0	0	0	0	0	0	0	0	0	0	0	0	0	0	0	0	0	0	0	0	0	0	0	0	93	0	0	0	0	0	227	0	0	0	0	38	0	0
human_pathogens_nosocomia.value	0	0	0	0	0	0	0	0	0	0	0	0	0	0	0	0	0	0	0	0	0	0	0	0	0	0	0	0	0	0	0	0	0	0	0	0	0	0	0	0	0	0	0	0	0	0	0	0
human_pathogens_pneumonia.value	0	0	0	0	5483	0	0	0	0	0	0	1634	0	0	0	0	0	0	0	0	0	0	0	0	0	0	0	0	885	0	0	0	0	0	0	0	0	0	0	0	0	0	0	0	0	600	0	0
human_pathogens_septicemia.value	0	0	0	0	0	0	0	0	0	0	0	0	0	0	0	0	0	0	0	0	0	0	0	0	0	0	0	0	0	0	0	0	0	0	0	0	0	0	0	0	0	0	0	0	0	0	0	0
hydrocarbon_degradation.value	26096	21950	404917	4805	67709	28682	40131	118530	181676	101079	29482	63031	23545	78664	8132	97279	192847	19301	20563	364849	26123	139884	52124	777394	709164	312414	66402	399490	83704	59222	132678	12022	14908	20505	50124	165576	9632	166792	66402	58323	179291	156414	310267	23770	55638	183698	282670	122787
hydrogenotrophic_methanogenesis.value	14294	0	330	377	822	0	0	0	2072	7345	5567	3064	776	0	0	3138	0	0	157	6352	9266	0	144	2019	0	0	0	0	3177	31931	157	144	2420	395	3157	1013	616	574	1613	1118	1133	669	0	502	2191	1025	2071	0
intracellular_parasites.value	40388	19074	35859	24968	134602	29771	24947	31777	50728	78551	51343	121057	101155	75364	57586	31152	59217	97104	100836	255132	61141	63837	57833	76318	42633	27492	85431	16508	63977	93215	37776	44843	31257	57216	75727	31887	64960	53950	89389	83951	78254	26693	27524	136880	52940	30946	38231	37715
invertebrate_parasites.value	5788	6732	10614	6029	29607	5809	5424	9865	19228	5087	8660	30443	19662	50780	9652	15241	25693	64335	65761	28871	6826	6955	15467	10597	11262	16221	8038	6018	9048	14496	18810	16026	10265	13290	10657	5441	17584	3935	39613	32300	14164	9283	6364	19779	18510	2250	9478	8440
iron_oxidation.value	15577	130338	35086	34343	7402	15431	79042	16403	151465	20979	86442	20175	86501	92711	64065	37041	103150	11560	60332	39555	22580	100745	40905	42482	19619	31550	148993	22529	104769	35698	31425	56872	57032	56011	27848	52665	46814	20310	19128	124648	36315	28089	17131	28415	38559	36704	27175	26505
iron_respiration.value	53229	585	108650	1695	916	0	7413	172243	29948	506648	30825	83155	21301	2108	661	71576	14500	3585	1671	164156	48937	10015	14764	222055	28151	9711	8095	31338	57799	37554	133690	8408	16118	2371	195843	13413	2539	25847	20224	15109	42699	21880	39087	13187	11987	28272	56356	23095
knallgas_bacteria.value	0	0	0	0	0	0	0	0	0	0	0	0	0	0	0	0	0	0	0	0	0	0	0	0	0	0	0	0	0	0	0	0	0	0	0	0	0	0	0	0	0	0	0	0	0	0	0	0
lactate_oxidation.value	83034	229650	226739	273612	532909	125620	174624	145302	423274	127992	504273	438652	363339	198063	290311	339357	221073	199543	230839	186131	129123	229217	296162	308573	246461	209215	238150	228995	181976	94789	207518	200256	152739	135840	152376	354962	180647	170526	134389	177422	209846	53795	194086	169200	268012	161631	181869	175683
lactic_acid_fermentation.value	8615	3791	7165	8587	10104	0	0	8024	150197	4822	20005	11382	1576	2459	5290	4417	5684	7698	6785	13611	11652	11552	6663	11938	2742	2094	19344	4206	22961	23318	4408	4856	8916	4611	6103	3126	4537	4730	33435	15763	10027	3047	41991	7342	3705	7778	37618	5300
ligninolysis.value	0	0	0	0	0	0	0	0	0	0	0	0	0	0	0	0	0	0	0	0	0	0	0	0	0	0	0	0	0	0	0	0	0	0	0	0	0	0	0	0	0	0	0	0	0	0	0	0
mammal_gut.value	50809	3805	9240	1131	0	0	4746	17379	8123	35601	15155	3677	15868	37575	17984	15466	8048	4624	7150	12127	17524	4813	3122	9714	1724	1142	22473	2778	17331	7463	9131	2996	1701	5929	10100	1772	2660	3333	11994	25749	11006	485	1736	6593	17297	7605	5406	4824
manganese_oxidation.value	0	0	0	0	0	0	0	0	0	0	0	0	0	0	0	0	0	0	0	0	0	0	0	0	0	0	0	0	0	0	0	0	0	0	0	0	0	0	0	0	0	0	0	0	0	0	0	0
manganese_respiration.value	44295	0	97559	0	0	0	3796	167430	26025	501939	22267	70078	10608	0	0	35863	9923	1508	470	156778	36217	4725	7495	217554	27691	6741	5265	29319	50426	26908	129793	6827	9742	2075	190025	11767	1680	16145	5356	6968	33142	18864	26948	7024	7395	19840	41147	17112
methanogenesis_by_CO2_reduction_with_H2.value	23644	585	3630	377	822	0	0	2715	2072	9182	15464	9602	776	0	793	7397	2426	0	157	6352	11738	535	1489	9588	689	685	906	1312	10011	57953	944	2371	3858	395	7315	2784	616	1666	3105	2925	4532	2701	0	1075	1878	3327	6143	1597
methanogenesis_by_disproportionation_of_methyl_groups.value	0	0	0	0	0	0	0	0	0	0	0	0	0	0	0	0	0	0	0	0	0	0	0	0	0	0	0	0	80	191	0	0	0	0	0	0	0	0	98	946	0	0	0	0	1565	0	0	76
methanogenesis_by_reduction_of_methyl_compounds_with_H2.value	5135	0	0	0	0	0	0	0	0	1271	0	0	776	0	0	3138	0	0	0	2791	765	0	0	1388	0	0	0	0	1086	3445	0	0	817	0	557	0	0	172	0	946	680	0	0	0	1839	375	1369	0
methanogenesis_using_formate.value	16708	585	3630	377	0	0	0	2715	2072	6216	15464	9602	0	0	793	4259	2426	0	0	2310	6825	535	1345	7569	689	685	906	1312	7920	39321	944	2227	2092	395	6535	2784	616	1494	2421	2925	3512	2632	0	573	1604	2752	4774	1521
methanogenesis.value	24832	585	4895	377	822	0	0	2715	2404	10524	29227	15629	1035	0	793	8406	2426	0	157	8566	16622	535	1681	10534	689	685	1076	1312	11258	75819	944	3197	5231	642	11362	4366	616	1666	3985	3871	5835	3324	0	1075	3678	3827	6424	1597
methanol_oxidation.value	63152	110955	702963	177226	389813	147164	155467	416829	429836	280306	211780	264357	143908	127186	162117	344700	321025	30159	22669	819752	58778	387347	426404	1443754	1455499	476353	102515	657878	101317	128749	489851	36080	71052	124919	187304	714727	44762	678123	99377	152690	397406	224723	886505	180453	214879	521753	677408	265834
methanotrophy.value	36406	40632	572226	5747	129114	43567	42843	210784	221512	184477	65049	81998	53384	136843	19901	120255	274055	26138	26722	471166	47384	163600	103848	992560	1005875	417100	84290	530948	98688	95456	254022	27901	30830	92947	86425	252201	30856	289392	102885	107757	294675	196276	583417	74604	142340	294653	477845	192415
methylotrophy.value	69053	111735	711158	173269	383234	147164	156280	419771	440031	281860	219976	265481	145202	140882	164827	346830	321963	32170	29350	832649	67603	390557	430871	1444574	1455901	476658	114234	658727	126569	137791	490638	36367	73373	125610	188790	721749	44762	679186	122863	152431	409757	225716	888407	184252	214566	523203	680042	268038
nitrate_ammonification.value	0	0	110	0	0	0	0	317	0	283	0	0	0	0	0	0	0	0	0	0	0	0	0	0	0	152	0	309	0	215	157	0	0	0	0	0	0	57	0	0	113	0	0	0	0	0	70	0
nitrate_denitrification.value	2797	4244	3685	4146	12062	18153	0	2399	8951	2331	9587	28850	30753	0	24118	16139	4741	0	2140	8757	17758	12214	19868	252	689	761	14321	1080	30642	15499	2517	2120	4511	1531	7316	25431	0	3791	19697	9850	9122	647	2356	16913	12188	6105	7724	4676
nitrate_reduction.value	133107	479722	322046	597777	870146	231032	275409	463369	615111	324346	412496	1119302	448360	302540	331710	482789	285690	144491	167164	658354	172348	611882	802661	764935	585324	170297	360226	255453	304828	212611	448082	116735	206275	160102	301469	695298	135732	773637	198664	528143	473750	100389	513001	219009	509430	421138	378240	333107
nitrate_respiration.value	51640	124190	62072	212183	247359	52280	107741	198673	140843	144781	69639	571493	98881	75855	47580	147337	38262	36556	42328	182727	59651	92574	145360	247471	47628	31223	119759	27632	132670	68699	144232	30290	24686	35082	102985	61491	38043	325416	77626	287371	218268	19202	141543	44218	335832	131327	106862	180103
nitrification.value	9938	2984	34661	1695	2906	290	3797	22823	4823	13143	17229	27200	14676	7691	1096	1456	8373	5144	6043	12989	19752	4976	6876	36093	9837	15551	7472	9288	55611	29369	5122	10778	3564	11039	10036	4366	9600	15527	21664	4610	23781	7892	6775	1980	7095	16307	12479	9553
nitrite_ammonification.value	0	0	110	0	0	0	0	317	0	283	0	0	0	0	0	0	0	0	0	0	0	0	0	0	0	152	0	309	0	215	157	0	0	0	0	0	0	57	0	0	113	0	0	0	0	0	70	0
nitrite_denitrification.value	806	3268	110	2073	8224	18153	0	679	2652	707	7113	4495	3794	0	20760	4035	993	402	940	2598	3559	5171	1441	2523	6779	457	4075	771	1730	8754	1455	862	2419	198	3788	23027	0	1120	9757	1548	2493	439	1116	12040	1135	750	1404	0
nitrite_respiration.value	6744	6731	5390	6030	16448	19605	0	3757	4807	2119	26133	38454	32477	7726	24118	15355	7059	1005	1357	10393	18760	11679	30436	5045	7699	1979	9396	1619	26138	28777	2635	4384	6572	3802	9767	24546	3248	5629	15296	9461	12069	2700	4340	18347	9861	8831	9409	7299
nitrogen_fixation.value	247899	43694	88357	21137	97406	2541	17534	43715	203586	1286679	244112	168714	126115	35995	41036	129893	57721	101932	198156	1173025	918672	63268	113966	545111	51706	25894	110635	15352	285778	707934	29943	20120	176855	29285	64450	83984	63614	49095	91589	317642	164068	125542	72300	49154	15797	74534	168163	86434
nitrogen_respiration.value	54247	126531	63337	214067	250100	53732	107741	197723	142998	145911	79536	582119	99053	75855	47580	146553	39146	37159	40918	184844	57888	90791	146320	251633	54638	31603	118004	27940	130699	80540	143445	31907	24229	36068	105436	60859	39387	326536	69813	285649	217136	20632	142245	45652	333954	132952	107880	179342
nitrous_oxide_denitrification.value	0	0	0	0	0	0	0	0	0	0	0	0	0	0	0	0	0	0	0	0	0	0	0	0	0	0	1245	0	0	0	0	0	0	0	0	0	0	0	0	0	0	0	0	0	0	0	0	0
nonphotosynthetic_cyanobacteria.value	61617	2146	48064	377	68533	14523	1627	62268	20389	173764	50103	50058	25528	4215	2644	105349	3419	2814	2087	51969	61075	5706	8550	7695	3562	2513	8151	21063	41336	22962	3225	5245	11247	17491	69208	9236	4704	20742	12545	9289	10312	3742	19755	2580	5870	41131	66497	8289
obligate_anaerobes.value	3642211	62910	2179258	175167	140048	56636	162560	1709259	589469	2870312	669020	471049	175721	79482	46143	1141869	108970	36680	26049	1828270	1126797	131500	163164	732776	111385	151775	148583	637059	1132696	742893	404405	89378	190486	57139	1295094	202681	52837	187664	166745	148258	433933	330422	185447	67400	115801	449620	603157	219907
oil_bioremediation.value	0	0	0	3392	0	0	0	0	704	0	0	0	0	0	0	0	0	0	0	0	0	0	769	0	0	0	0	0	0	0	0	0	0	0	93	0	0	0	0	0	227	0	0	0	0	38	0	0
order	0	0	0	0	0	0	0	0	0	0	0	0	0	0	0	0	0	0	0	0	0	0	0	0	0	0	0	0	0	0	0	0	0	0	0	0	0	0	0	0	0	0	0	0	0	0	0	0
oxygenic_photoautotrophy.value	271526	154861	171015	259887	631959	278108	51427	109919	347964	1311049	426808	453657	240907	238624	223982	368720	190913	260962	328790	1379752	1016337	311433	431852	620806	266626	75478	248632	69320	375410	1066169	170641	979750	247163	358583	161796	84897	916900	55989	339162	779333	486470	149070	95283	95028	463315	75134	175431	288736
pectin_degradation.value	17091	95411	16828	66707	234342	135061	164321	15749	93445	14834	100052	206221	122636	137486	140098	201620	90745	158099	199816	69678	35922	273363	80901	121865	139890	27232	102518	10156	58588	53857	23355	45313	56016	50967	58228	186875	46710	96172	112639	74422	92639	9560	94150	121543	38337	51884	94795	76997
photoautotrophy.value	3005660	171738	2036451	340445	665952	289726	139281	1534215	786822	3427369	713970	626503	307659	272337	226891	1055504	242076	268602	331087	2793541	1685651	372415	485511	1106373	310231	177570	295164	608354	1039563	1192529	495949	1034719	349753	369157	1147122	109885	934875	174880	373307	825956	750813	421812	170380	107643	471846	407551	613695	424719
photoheterotrophy.value	56444	80922	99633	281746	148393	264312	115149	95617	147724	901055	194326	160316	152044	208071	207864	292847	156204	144554	125936	285000	70313	322561	291501	91272	194872	39756	132273	63035	149834	335229	155019	903048	106335	318410	580669	110455	817726	34301	260278	354617	325642	26738	36180	119394	358261	27922	32993	239228
phototrophy.value	3012059	196907	2041346	396411	683496	328211	184293	1538424	836883	3439637	728196	661133	323960	293407	252016	1097195	259167	280664	348623	2834186	1695889	431257	527544	1122140	325400	179245	330147	612367	1071973	1196620	505434	1035654	367799	370936	1170774	186179	934651	176834	404155	850471	773317	424260	179308	141038	492114	409853	621700	435062
phylum	0	0	0	0	0	0	0	0	0	0	0	0	0	0	0	0	0	0	0	0	0	0	0	0	0	0	0	0	0	0	0	0	0	0	0	0	0	0	0	0	0	0	0	0	0	0	0	0
plant_pathogen.value	1533	0	0	7726	784	0	0	181	6417	0	5258	3445	0	3512	2380	0	0	374	3892	0	706	4025	6341	0	0	881	0	88	1769	1764	56	1519	7369	1948	3978	2784	3088	107	1687	9044	5277	970	579	2867	6216	794	0	3227
plastic_degradation.value	5748	2633	1650	11872	0	0	0	362	7459	1978	8969	53121	0	3512	2380	0	992	1005	3653	13377	5149	5617	9176	1262	0	1980	0	1851	10616	2297	1023	1527	9710	2273	6479	3069	4340	287	5685	13074	12181	1617	9754	2867	9313	751	15448	5704
predatory_or_exoparasitic.value	7969	22438	26948	23743	60309	2178	45554	6971	17241	10738	16703	69877	26733	15805	11238	40345	44106	12465	8560	20017	7649	24609	27764	15013	24018	36631	26946	20060	30641	17799	9286	8769	11315	10076	18045	1392	10752	29877	27069	78796	15300	23923	121926	12327	54919	17261	96621	6768
reductive_acetogenesis.value	6897	0	0	565	4386	0	0	1720	0	424	5876	8581	172	0	0	134	1323	0	313	4619	5532	0	0	378	0	152	1359	77	7560	22245	0	790	785	297	4530	0	0	86	4328	2064	1246	1108	83	0	1018	500	983	684
respiration_of_sulfur_compounds.value	99776	35414	158551	24308	45783	29044	26031	73491	73268	535138	84278	140975	45393	26691	22147	69931	61692	17088	14041	284680	87469	74180	43664	134225	41423	44550	30740	55935	114326	121013	36558	34242	22692	17492	233748	85217	21280	37804	39407	49375	72674	38853	87208	39201	51966	52014	101799	43421
sulfate_respiration.value	28564	30828	20019	10929	25220	29044	21150	17286	28427	43017	42681	26254	9257	11590	16131	21069	33519	8042	4332	53123	18654	65976	10087	17535	26198	14088	16812	9529	26019	76593	9523	11497	8632	6919	48231	76422	6496	14995	17362	29591	23834	7475	42818	19779	32633	20490	39025	17415
sulfite_respiration.value	3734	27023	15069	565	19737	25414	3796	12489	20140	30585	29383	16038	5865	10185	3834	11655	30873	7640	3810	38881	9739	65441	3458	17094	25163	13479	6622	8063	13312	51381	7949	10707	5035	6523	36423	72752	5824	12697	12691	28731	20963	5720	42901	17916	32398	12960	35514	17415
sulfur_reduction.value	41613	5659	93599	21293	1097	3630	22235	13622	18399	414421	35256	22679	15695	878	12958	22414	12018	2412	2872	62941	36658	4280	13642	11480	5286	6585	12794	25152	38845	35806	2911	13295	13340	7314	155869	4050	9296	7641	14379	6967	10993	19940	7522	5447	9707	14108	13691	4485
sulfur_respiration.value	94701	8391	144032	23743	21660	3630	22235	61183	52465	524049	53348	118399	37688	15101	17916	60742	31646	8845	9709	247917	73228	8739	40062	117574	15685	30310	22532	47641	97232	63507	27744	21450	18309	10277	197269	12085	13440	24418	25346	20300	50425	34324	44060	22145	17767	39129	65881	25550
thiosulfate_respiration.value	29636	30828	20349	10929	25220	29044	21150	18327	28924	45066	39279	25232	8740	11590	16528	21069	33519	7640	4332	51583	18448	65976	10087	18797	26198	14012	16812	9838	24331	70206	9680	11281	9024	6919	48008	75410	6496	15052	16408	29591	23154	8698	42901	20209	32633	20440	39095	17415
ureolysis.value	81632	81732	177041	61524	164918	105217	125005	249127	256136	959416	88858	162023	95656	30693	54510	215629	74945	22670	24782	544305	97650	274965	201263	422149	376141	82915	60600	112865	184422	112531	239008	35087	72467	58970	582575	366792	47454	306076	102155	61641	185763	46970	293874	139505	76232	190795	215958	85227
xylanolysis.value	32799	248058	69185	11496	26042	82053	13015	38858	195519	22957	64793	70283	134278	270992	32925	11430	119194	84642	121812	79014	44313	274686	39026	64465	85198	41966	132009	71793	92861	43847	39947	33953	80489	25199	56475	135211	37631	26604	139499	52818	50007	26609	28517	31843	20895	33123	33564	12128
