function	SA_D070	SA_D061	SA_D080	SA_D063	SA_D075	SA_D053	SA_D057	SA_D062	SA_D078	SA_D068	SA_D060	SA_D076	SA_D071	SA_D085	SA_D059	SA_D067	SA_D098	SA_D058	SA_D097	SA_D072	SA_D066	SA_D089	SA_D054	SA_D090	SA_D065	SA_D064	SA_D073	SA_D091	SA_D074	SA_D079	SA_D084	SA_D100	SA_D096	SA_D069	SA_D077	SA_D093	SA_D095	SA_D083	SA_D056	SA_D081	SA_D086	SA_D092	SA_D088	SA_D055	SA_D094	SA_D099	SA_D082	SA_D087
acetate_oxidation.value	313754	339502	400057	435730	619052	178676	172880	557426	238639	598610	677613	728401	518022	291051	350810	307568	235929	801900	266847	312633	642534	236406	322233	448730	281765	426157	344196	203088	374811	241384	284733	493173	270852	254912	215866	216139	230429	182573	421092	218272	210904	98734	382333	215647	309909	575458	264841	291669
acetoclastic_methanogenesis.value	2260	0	2275	0	0	0	0	609	0	2466	25652	11035	493	0	0	0	0	1800	0	9019	3911	0	2731	1572	0	340	317	0	2279	0	32537	0	1550	2547	0	0	0	458	7430	0	1605	1138	2305	0	477	419	846	0
aerobic_ammonia_oxidation.value	23119	7754	53924	5626	14082	2728	2046	15069	43573	23754	29684	48066	24664	12753	4853	14031	7912	5800	11349	28857	19721	19664	5787	63089	6804	14537	13118	27650	79406	18113	40632	16662	21372	2971	11337	17255	17926	23253	17307	34245	20479	16645	70651	4239	25620	24486	29248	41222
aerobic_anoxygenic_phototrophy.value	2479	2308	693	5625	11064	0	0	4261	159	1038	865	24504	2630	0	1617	404	1157	0	1649	5977	12752	485	1201	629	2268	8419	1164	0	9115	207	2744	5907	1011	243	2365	751	743	183	477	810	7158	0	3107	1413	477	3627	85	552
aerobic_chemoheterotrophy.value	1616740	5607635	3749014	4692317	8887974	4649699	5250354	6282622	2550879	2713405	7222563	7980786	8388940	4985496	6071900	5167980	3126867	4429657	3666414	2518366	4905626	5105234	5161947	5264936	5559357	4420349	5559384	3565561	3985907	3199148	3183045	4608512	2627443	2978556	3565351	2997645	2988377	3434120	3150378	2984884	2848153	2239773	4605018	3696580	2722122	3190496	2490074	3332118
aerobic_nitrite_oxidation.value	146	0	495	0	0	0	0	0	0	0	0	0	0	0	0	0	0	0	0	0	0	291	218	0	0	0	0	0	0	0	0	0	0	0	0	0	0	0	409	191	0	0	200	257	119	0	127	0
alcohol_fermentation.value	16479	3139	6035	3164	11566	0	0	10955	5416	31534	20463	10849	2795	2289	2861	4743	5595	7800	4754	38087	9350	1356	1856	10899	7291	5357	3597	3133	18746	2685	43514	27113	5932	10491	3407	5048	5198	4118	8246	3334	27091	10244	11025	6549	10847	12068	8084	3032
alginate_degradation.value	729	0	297	0	8046	0	0	1217	0	649	0	4115	0	981	0	0	0	0	1164	0	0	0	0	734	3403	1616	1799	0	2868	207	261	0	0	1395	139	750	742	275	0	953	2475	295	1202	0	596	768	677	276
aliphatic_non_methane_hydrocarbon_degradation.value	437	185	0	0	0	0	0	1218	0	0	865	1309	0	0	373	1716	579	0	291	978	510	0	2731	2620	0	850	1481	0	2795	0	1437	303	135	971	209	0	0	0	0	476	4817	169	0	771	655	0	296	0
anaerobic_chemoheterotrophy.value	871315	288273	491568	264182	238871	106389	177481	428225	353974	1091714	707014	450608	270601	161546	313365	123211	147387	584933	197365	498446	964557	148855	357188	372962	264914	291017	290652	237975	599230	249992	551691	348523	153830	176330	205159	213745	122954	107716	525032	166120	200134	96696	473230	89135	309072	495948	223453	389537
anammox.value	1823	0	1385	0	0	0	0	0	398	389	2018	3740	329	0	0	0	579	0	0	2879	2210	387	0	2097	0	255	0	278	2573	138	12021	1817	135	848	0	0	0	0	885	286	937	590	601	0	2085	140	1397	138
animal_parasites_or_symbionts.value	53531	45877	95083	24083	137793	10230	11763	53568	81728	46986	82716	159547	94206	43820	20652	23014	32415	24400	30849	82705	78547	58406	24357	99980	32566	43789	66233	49308	151828	30713	108442	64373	66334	23464	54370	27829	39779	72401	57037	43387	44832	35189	125771	20166	38489	43881	46986	76103
anoxygenic_photoautotrophy_Fe_oxidizing.value	87788	0	30271	0	0	0	0	5022	66192	17907	28823	7670	0	0	0	0	0	382351	0	15159	71241	3196	1748	67696	0	1956	0	0	6395	895	6011	0	0	2304	17310	0	0	0	32036	10145	0	2277	3007	0	26754	0	51164	0
anoxygenic_photoautotrophy_H2_oxidizing.value	19541	3600	21863	46227	5029	4092	23016	4413	18081	806493	9800	10663	4274	9156	995	10898	0	31597	582	19397	120380	485	8739	6183	41155	13692	13649	0	44911	1446	9016	1666	876	15886	2016	1297	743	824	416602	1906	11638	2951	33472	4624	6377	908	3174	5859
anoxygenic_photoautotrophy_S_oxidizing.value	2645452	8678	1671943	22323	905693	4092	47567	401593	1265127	1379795	332899	709320	83844	27143	34832	27044	13697	942881	9509	629001	925633	42226	33534	408904	16364	42266	50681	91933	622640	476576	132765	42107	44154	44871	269043	56491	11882	10433	751954	83062	35318	248029	242325	17982	358651	8372	279691	121160
anoxygenic_photoautotrophy.value	2659814	11539	1674813	69605	908710	8184	86440	406006	1265525	1940122	333475	714744	83844	31394	35081	41776	16012	998073	9509	634542	1122016	42226	39433	411838	60112	55193	63590	91933	638590	476920	135901	50286	45974	100230	269043	56491	12200	10433	917109	84253	41338	248155	244530	25432	372774	8651	284685	121643
aromatic_compound_degradation.value	52063	14585	25425	107746	194113	24551	29153	30893	20710	26212	89349	177702	84173	27143	110468	48437	31252	74193	29305	45586	42164	13268	52652	30707	29812	102477	30473	13023	46018	8399	74742	79216	24536	100594	22733	18762	18142	43652	39055	44007	29500	15011	52419	44440	25148	41644	44821	25363
aromatic_hydrocarbon_degradation.value	22094	739	15235	527	9555	2728	7160	3957	8443	15053	14123	15711	329	981	0	15541	1736	18199	485	10269	26523	7070	18789	19912	7615	3231	635	3064	11029	2203	23389	22872	3437	48934	9038	8255	2334	549	18675	32339	3880	5903	6516	3468	12873	21137	33223	3998
arsenate_detoxification.value	0	0	0	0	0	0	0	0	0	0	0	0	0	0	0	0	0	0	0	0	0	0	0	0	0	0	0	0	0	0	0	0	0	0	0	0	0	0	0	0	0	0	0	0	0	0	0	0
arsenate_respiration.value	0	0	198	0	0	0	0	0	558	519	0	0	0	0	0	0	0	0	0	0	0	194	0	0	0	170	0	279	0	551	784	757	0	182	278	0	0	0	0	95	0	0	400	0	119	0	127	0
arsenite_oxidation_detoxification.value	0	0	0	0	0	0	0	0	0	0	0	0	0	0	0	0	0	0	0	0	0	0	0	0	0	0	0	0	0	0	0	0	0	0	0	0	0	0	0	0	0	0	0	0	0	0	0	0
arsenite_oxidation_energy_yielding.value	0	0	0	0	0	0	0	0	0	0	0	0	0	0	0	0	0	0	0	0	0	0	0	0	0	0	0	0	0	0	0	0	0	0	0	0	0	0	0	0	0	0	0	0	0	0	0	0
cellulolysis.value	36895	149719	26117	219183	88507	56604	47056	149892	69060	26343	333472	135799	175907	64096	314237	15946	18906	52196	23675	79815	64779	9685	145279	45166	69347	119907	104752	17899	91518	15492	70823	143439	16786	49782	34691	11938	18140	29467	24465	13048	59732	10160	160950	14513	15791	206887	14646	129222
chemoheterotrophy.value	2678588	6300487	4446657	5527747	9692592	5109352	5655444	7069376	3133700	4499891	8069649	8948219	8932117	5488453	6486524	5689785	3351618	5185575	3936842	3169389	6389611	5516067	5856559	6041570	6309863	5132327	6309558	3950907	4976002	3603575	3930214	5082141	2884010	3304475	3962737	3365172	3207123	3659898	3940410	3229110	3235594	2426979	5283692	3882815	3207032	3589914	2811639	3851378
chitinolysis.value	11888	6923	18008	7910	24139	0	10740	8521	19358	16093	19311	43208	10029	7194	2737	14027	7332	30998	6499	18691	19210	23729	8192	49987	5508	13433	9311	6755	30364	6126	67947	35746	14561	20372	12375	10984	15170	11899	37077	8194	14381	6744	35275	23375	10012	37809	9945	25365
chlorate_reducers.value	16551	69044	14740	42184	37716	0	24551	45805	1115	4801	8359	26562	42579	16351	1617	1312	5401	61592	4561	8149	510	0	1092	210	324	21687	35657	2716	15362	4751	9931	171611	9976	303	1113	18285	8487	8145	15882	15288	14582	1138	114349	10018	24073	264709	12992	95728
chloroplasts.value	200804	28892	51442	12832	40734	5456	5114	139700	18240	1116502	210979	113917	77761	17659	40182	24118	73691	41395	170785	793681	590847	41935	45879	438875	32730	77222	93217	17620	206540	5510	516555	282637	12269	108838	14461	39300	53894	19585	38374	15765	50568	106877	52217	6936	117504	18696	39569	19367
class	0	0	0	0	0	0	0	0	0	0	0	0	0	0	0	0	0	0	0	0	0	0	0	0	0	0	0	0	0	0	0	0	0	0	0	0	0	0	0	0	0	0	0	0	0	0	0	0
collagen_degradation.value	0	0	0	0	0	0	0	0	0	0	0	0	0	0	0	0	0	0	0	0	0	0	0	0	0	0	0	0	0	0	0	0	0	0	0	0	0	0	0	0	0	0	0	0	0	0	0	0
dark_hydrogen_oxidation.value	139340	15876	109217	78920	109127	35463	44498	77458	44524	409541	130852	138981	117875	23872	77876	105752	11769	76192	14942	130893	184311	25471	26434	58478	78097	106643	110359	36771	174434	42411	99700	32414	21167	26979	26070	49941	11563	20959	197187	27624	43149	38024	45194	23505	72279	18695	41434	32740
dark_iron_oxidation.value	0	0	0	0	0	0	0	0	0	0	0	0	0	0	0	0	0	0	0	0	0	0	0	0	0	0	0	0	0	0	0	0	0	0	0	0	0	0	0	0	0	0	0	0	0	0	0	0
dark_oxidation_of_sulfur_compounds.value	85893	232334	126128	203011	213222	124801	226586	284571	90089	132101	398035	561734	461796	386544	313738	193539	116518	148983	253168	178753	218314	75638	197384	192298	255680	185141	384613	94927	252117	80897	225934	452278	411069	125635	93228	119394	606632	211303	181173	314617	150640	76899	345451	237866	131625	405328	174487	310964
dark_sulfide_oxidation.value	12325	11539	39469	34275	48275	66833	2046	28306	36879	50738	18446	27499	2466	26816	6344	39253	21221	19798	23386	38196	93175	49295	12890	69688	60922	20580	3809	26605	11249	14527	25090	40744	233375	5032	14947	68840	392114	9700	53096	229938	9564	17664	2704	12073	44571	3627	74187	2068
dark_sulfite_oxidation.value	0	0	0	0	0	0	0	0	0	0	0	0	0	0	0	0	0	0	0	0	0	0	0	0	0	0	0	0	0	0	0	303	0	0	0	0	0	0	0	0	0	0	0	0	0	0	0	0
dark_sulfur_oxidation.value	4011	79106	29677	76459	78951	47056	24551	65893	26127	32960	15853	44521	43730	42186	6717	34813	20256	17199	14653	26949	56448	26051	11579	32173	49256	37675	37138	21938	20803	11773	26266	169491	239846	6488	11471	72183	390629	17845	51801	215841	24683	14039	106332	20807	38552	266383	69870	88768
dark_thiosulfate_oxidation.value	83778	229933	116138	203011	198638	120027	226586	281528	81646	127689	392271	555001	443384	376407	302168	192631	108994	147583	249385	175004	204202	73217	187116	176159	253412	182931	365779	92419	243588	78556	200977	445463	410126	124786	91281	116392	604086	201236	179061	295139	141944	73314	337433	236454	126799	400097	166868	307242
dissimilatory_arsenate_reduction.value	0	0	198	0	0	0	0	0	558	519	0	0	0	0	0	0	0	0	0	0	0	194	0	0	0	0	0	279	0	551	392	0	0	0	278	0	0	0	0	95	0	0	400	0	119	0	0	0
dissimilatory_arsenite_oxidation.value	0	0	0	0	0	0	0	0	0	0	0	0	0	0	0	0	0	0	0	0	0	0	0	0	0	0	0	0	0	0	0	0	0	0	0	0	0	0	0	0	0	0	0	0	0	0	0	0
domain	0	0	0	0	0	0	0	0	0	0	0	0	0	0	0	0	0	0	0	0	0	0	0	0	0	0	0	0	0	0	0	0	0	0	0	0	0	0	0	0	0	0	0	0	0	0	0	0
facultative_anaerobes.value	58843	121290	82607	153622	60848	32735	90021	122349	36798	70202	115866	128878	76280	79465	23139	42281	31831	153180	37649	70253	91813	17820	96341	58582	106776	108006	71739	25349	78878	31189	133281	236742	42062	40504	25169	44005	36387	23246	91333	39673	64949	23186	172876	48549	62682	298056	47907	115026
family	0	0	0	0	0	0	0	0	0	0	0	0	0	0	0	0	0	0	0	0	0	0	0	0	0	0	0	0	0	0	0	0	0	0	0	0	0	0	0	0	0	0	0	0	0	0	0	0
fermentation.value	837412	479626	566067	238871	255468	144580	256760	698337	528099	1240433	722859	487635	353786	364956	358025	276898	196581	586137	251026	528067	832607	231857	452988	614304	480246	316526	469893	309361	704809	329652	705224	347610	234252	251942	335788	241037	261294	161807	573630	176457	286366	145044	430934	185334	321705	319760	245081	351922
fish_parasites.value	0	0	495	0	0	0	0	0	239	0	0	0	0	0	0	0	0	0	0	0	0	291	0	0	0	0	0	0	0	0	0	0	0	0	209	0	0	0	0	429	0	169	0	0	179	0	466	276
fumarate_respiration.value	164056	11908	162338	66967	114155	29325	19436	105913	84271	433546	145839	164422	133001	11772	67550	99999	14276	167379	12420	128009	462137	27119	32660	120827	76640	96269	102527	42414	213310	62375	83890	43169	23390	19039	47204	84805	8912	12264	232090	54295	33245	46628	69850	16184	115300	20299	57175	47555
gelatin_degradation.value	320459	612260	294704	595151	2553145	419415	1147766	1348286	218488	617943	898389	1756092	1315845	1148835	936117	1143380	1063891	853694	1075747	415860	919333	669414	896158	852811	873980	835222	1106438	571788	621923	368550	906867	1275499	491554	1325653	535792	441495	628483	880901	539017	317714	698809	394656	865982	1082858	407571	804596	310460	677478
genus	0	0	0	0	0	0	0	0	0	0	0	0	0	0	0	0	0	0	0	0	0	0	0	0	0	0	0	0	0	0	0	0	0	0	0	0	0	0	0	0	0	0	0	0	0	0	0	0
human_associated.value	77585	9970	44223	22147	71412	22505	13298	163134	56156	106021	81277	96143	115737	28124	23138	29566	20837	37399	20277	126764	110854	42420	17587	48837	46501	46008	60840	17966	190175	14664	120082	59374	48871	28378	50750	41890	30659	49878	65975	12383	38530	19177	58327	54586	39147	27973	22351	30054
human_gut.value	25010	1200	8508	1933	11567	1364	4092	13849	14336	35556	25363	44894	36825	1308	2363	6862	1736	9199	1746	49281	14961	1162	4806	9537	6319	4253	19891	1880	116062	1102	36457	17570	3572	5397	1668	1091	3181	2838	14585	1667	14114	2064	18340	5523	1430	10322	2159	8340
human_pathogens_all.value	35002	7847	31561	20214	52302	2728	11252	20238	32978	22583	43233	49380	59184	19949	13560	12614	16786	26199	13486	49121	57466	35835	9394	29763	27707	39459	18516	14206	62714	10671	75524	32413	41590	17099	38097	6482	19096	39902	31147	6762	24217	13235	37282	19522	8162	12070	13800	21507
human_pathogens_diarrhea.value	16773	1385	22163	2285	3018	0	2557	5022	13543	14407	14987	7106	3288	4905	1120	2927	6947	13600	2522	16250	24823	3197	3058	9432	1782	8758	5502	6685	31619	8192	26261	6513	6606	4427	5144	4026	1909	3480	21400	4333	5689	6152	10522	8734	5897	3559	9397	6827
human_pathogens_gastroenteritis.value	11593	1754	791	1933	5029	0	3069	8978	637	4931	6917	4864	3946	0	995	8577	1736	5199	0	9943	7991	1065	3823	4926	4861	3572	4761	1741	18008	0	31100	3483	2224	3941	0	478	1697	549	2658	762	12642	1433	6915	5779	298	2232	423	1447
human_pathogens_meningitis.value	0	0	0	0	0	0	0	761	0	0	0	0	0	0	0	0	0	0	0	0	0	0	0	0	0	0	0	0	0	0	0	0	0	0	0	0	0	0	341	0	0	0	802	0	0	0	127	0
human_pathogens_nosocomia.value	0	0	0	0	0	0	0	0	0	0	0	0	0	0	0	0	0	0	0	0	0	0	0	0	0	0	0	0	0	0	0	0	0	0	0	0	0	0	0	0	0	0	0	0	0	0	0	0
human_pathogens_pneumonia.value	0	738	0	0	10058	0	0	1674	2788	0	6052	2618	10028	4251	373	303	0	0	485	4456	510	3389	0	1363	4375	1361	8148	1323	6101	1377	2613	606	877	303	5006	341	1486	1830	409	905	2206	1433	0	1541	179	698	1270	0
human_pathogens_septicemia.value	0	0	0	0	0	0	0	0	0	0	0	0	0	0	0	0	0	0	0	0	0	0	0	0	0	0	0	0	0	0	0	0	0	0	0	0	0	0	0	0	0	0	0	0	0	0	0	0
hydrocarbon_degradation.value	58187	191256	557942	452252	382192	358718	194362	318658	171573	181935	86755	266369	130861	194252	42173	549243	46879	225175	49292	63462	543409	775457	366588	861822	456109	241609	316576	411603	224048	515749	146613	140107	31143	37049	197787	332535	24295	91604	107489	204651	139334	229475	406486	66147	317952	109794	226539	292700
hydrogenotrophic_methanogenesis.value	20198	0	297	352	1509	0	0	2283	0	9473	5188	2993	2138	0	0	0	0	5599	291	13096	9181	0	983	3353	0	255	0	0	5000	0	46258	1969	540	3880	139	0	1167	366	3611	620	2207	716	2004	899	2920	3906	1355	0
intracellular_parasites.value	43242	23633	23549	23732	106110	25233	26085	49912	22064	67086	41214	77994	91244	57555	41799	60444	43024	24200	42690	54713	233103	36419	26215	42237	58973	41751	75550	27579	54996	12738	65721	68159	35662	26313	32680	26266	53042	45213	72450	19859	87228	16393	56223	134474	30446	44369	18544	32127
invertebrate_parasites.value	4959	462	3265	4395	16093	2728	1534	3652	1832	2725	2018	17957	3617	0	1866	1413	9452	5200	6695	2662	19042	6102	3824	6497	4212	11650	2222	4527	3016	413	4965	15298	4516	2425	1182	2592	3713	7321	1635	1334	4616	2108	5612	5009	3754	8789	806	4618
iron_oxidation.value	97703	11815	53123	4921	10057	7502	0	19783	72006	34388	52745	56492	26961	17332	3856	11604	3859	391750	6501	38145	101674	16077	23377	77967	16041	38014	26451	13304	55206	16938	15419	11057	4246	12066	24680	12964	5410	3937	39603	19431	39667	9318	17739	7578	48682	4814	61236	6203
iron_respiration.value	175067	12185	169857	67319	120693	30689	19436	122654	250745	542030	130851	218481	138755	14061	67052	100606	15434	130384	14458	135889	555143	57043	72966	305684	80204	95843	105808	43040	239336	68504	84414	41503	24940	28437	172828	90399	9442	12905	256284	44960	49565	45954	78268	26714	118695	20929	53282	42317
knallgas_bacteria.value	77506	9507	31063	67143	103594	29325	15856	45044	35046	26342	80412	122334	98805	18967	64564	85469	7524	48194	8151	61995	121912	22275	22174	40555	72751	90657	90678	26883	116285	18382	31230	14238	11931	6851	23080	33772	7321	12630	37284	17241	25219	15263	31867	10789	35395	6698	18536	21021
lactate_oxidation.value	178274	440207	396100	568084	656767	169130	228631	628491	204548	165971	766386	642729	561915	295301	572118	266091	247116	492936	303237	242651	528275	264491	434749	379773	355491	526685	477828	361389	397728	371852	145441	402295	270314	224714	254654	287231	249952	187144	237609	239226	195652	84864	505901	194970	304723	665573	237289	482020
lactic_acid_fermentation.value	26030	5170	12661	9667	13578	0	4603	146697	7407	21023	42945	14964	13974	1635	6965	14834	8874	14599	6695	64220	19211	2130	3386	12680	12152	9780	19785	2925	47192	3787	64682	22568	7551	14735	2503	35410	9229	4026	13223	4429	38061	4383	16637	10402	35991	7952	7237	4549
ligninolysis.value	0	0	0	0	0	0	0	0	0	0	0	0	0	0	0	0	0	0	0	0	0	0	0	0	0	0	0	0	0	0	0	0	0	0	0	0	0	0	0	0	0	0	0	0	0	0	0	0
mammal_gut.value	19979	1200	9696	1582	6538	0	3580	7305	14256	62287	19311	42649	37318	1308	1368	1716	386	4200	1940	38522	11221	775	2403	5764	2106	2296	16611	2019	103201	1584	10453	23932	2292	6126	1807	1363	2120	3846	18607	1572	3010	1853	14331	1927	1370	14299	2879	8548
manganese_oxidation.value	0	0	0	0	0	0	0	0	0	0	0	0	0	0	0	0	0	0	0	0	0	0	0	0	0	0	0	0	0	0	0	0	0	0	0	0	0	0	0	0	0	0	0	0	0	0	0	0
manganese_respiration.value	91362	2585	128703	2812	10561	1364	3580	75022	193636	505047	50439	92220	37648	0	2115	12411	6366	72391	5434	76176	427791	26924	20317	252972	5995	20921	13754	14556	120400	47780	48351	21812	11392	15886	135704	50009	1591	1922	213412	24575	14781	29806	40287	8220	74900	12276	32673	21641
methanogenesis_by_CO2_reduction_with_H2.value	29094	554	3265	352	1509	0	0	2283	2390	11160	14411	8979	2138	0	746	2220	0	9399	291	15378	9181	581	2512	9641	486	1446	846	627	11176	1170	69780	2726	2630	5214	834	0	1167	366	7427	1525	3478	2571	5011	1413	6376	2232	3302	1378
methanogenesis_by_disproportionation_of_methyl_groups.value	0	0	0	0	0	0	0	0	0	0	0	0	0	0	0	0	0	0	0	0	0	0	0	0	0	0	0	0	221	0	523	1666	0	0	0	0	0	0	0	0	268	0	0	0	0	2790	0	207
methanogenesis_by_reduction_of_methyl_compounds_with_H2.value	9770	0	0	0	0	0	0	0	0	2336	0	0	1480	0	0	0	0	5599	0	1413	4931	0	0	2305	0	0	0	0	1985	0	6273	1666	0	1516	0	0	0	0	1022	286	0	0	1203	0	2324	3278	635	0
methanogenesis_using_formate.value	8605	0	297	352	0	0	0	1522	0	6229	5188	2993	658	0	0	0	0	0	0	7499	2040	0	983	0	0	0	0	0	662	0	25089	303	270	1879	139	0	0	366	2180	334	1472	590	200	899	596	0	381	0
methanogenesis.value	31354	554	5540	352	1509	0	0	2892	2390	13626	40063	20014	2631	0	746	2220	0	11199	291	24397	13092	581	5243	11213	486	1786	1163	627	13676	1170	102840	4392	4180	7761	834	0	1167	824	14857	1525	5351	3709	7316	1413	6853	5441	4148	1585
methanol_oxidation.value	182212	563060	1715367	453660	948439	336894	673109	1162325	722055	628717	513901	881046	856189	936930	395843	976179	157028	782503	262872	254926	1468532	2407723	1223093	2330397	768018	907005	662679	1087789	519000	1420907	545173	434407	248675	186999	855374	1516193	328462	559689	467788	1201892	564225	662714	983844	421920	1255770	482753	920874	651143
methanotrophy.value	91435	201594	875096	461568	593906	397590	202034	369941	339881	369966	146704	359712	245613	296284	58219	703023	70222	294766	65595	143329	792159	1301824	545733	1239706	534370	344854	355936	609395	285053	753553	234951	259312	64512	71671	414271	828405	66415	227591	186897	445638	224818	307301	640397	156567	696737	294078	460141	424953
methylotrophy.value	189869	722655	1738912	897650	1252180	641736	792795	1273718	752484	660381	564916	1053324	954335	1058582	431297	1204230	194069	852895	302559	278344	1566807	2435035	1419714	2346430	994533	1081431	902543	1103738	654469	1448860	597833	523167	267147	197669	890622	1528201	340344	614139	509026	1212085	613990	673842	1163034	446323	1270846	536324	935265	783054
nitrate_ammonification.value	76704	9138	30569	64155	103594	29325	15856	44131	34330	26861	77242	115600	95517	11772	64813	85469	7524	48194	8151	57376	121912	22275	21737	40555	71617	73477	90890	26674	112022	18933	26787	14238	11931	5942	22454	33294	7321	10708	37284	17336	18463	14799	26255	10789	35514	5442	17732	17299
nitrate_denitrification.value	17208	924	24238	4394	5029	0	1534	8826	8044	7266	15853	25813	1644	654	622	7165	37232	65392	53564	8151	7140	9685	982	7022	7291	21262	2117	15809	10588	9019	14894	27871	9504	7519	4380	18148	10079	2471	5316	24575	17524	7631	38984	3853	24609	37948	22260	20537
nitrate_reduction.value	291144	1023761	1104702	783048	1285369	410548	740625	1476722	688998	566556	787422	1392075	1237104	1060540	639791	936623	262360	880091	402796	427707	1217398	1325165	1127402	1461348	912701	1251859	1134691	649581	899919	843745	594947	736730	336648	333126	705491	901124	421923	538099	574321	937620	643022	461016	981828	462381	811677	673050	644786	651147
nitrate_respiration.value	132702	83169	96158	111612	212216	44328	45521	138785	208370	178558	138057	309952	179197	40876	70286	191019	25081	154181	30371	128392	258102	64793	43474	248047	87656	133687	158820	50562	237064	43514	83758	257189	37546	33168	153085	98312	38405	28921	124324	89205	98395	30018	273090	40844	132997	297430	84980	188769
nitrification.value	23265	7754	54419	5626	14082	2728	2046	15069	43573	23754	29684	48066	24664	12753	4853	14031	7912	5800	11349	28857	19721	19955	6005	63089	6804	14537	13118	27650	79406	18113	40632	16662	21372	2971	11337	17255	17926	23253	17716	34436	20479	16645	70851	4496	25739	24486	29375	41222
nitrite_ammonification.value	76704	9138	30569	64155	103594	29325	15856	44131	34330	26861	77242	115600	95517	11772	64813	85469	7524	48194	8151	57376	121912	22275	21737	40555	71617	73647	90890	26674	112022	18933	27179	14995	11931	6124	22454	33294	7321	10708	37284	17336	18463	14799	26255	10789	35514	5442	17859	17299
nitrite_denitrification.value	16260	924	24337	2461	5029	0	0	16435	19913	6358	9800	25439	1151	1962	373	5348	1158	64392	679	4945	6290	15399	436	9746	5671	14713	4974	15252	40796	8606	12673	15904	8628	4245	10080	26404	8275	2105	6270	51150	14648	7336	35676	3853	32831	12628	47102	18263
nitrite_respiration.value	96318	79106	50355	106866	146339	29325	41941	102567	49464	33089	95690	156003	140069	30085	66803	88497	14662	113186	13391	69872	129902	28376	24029	48311	71941	104094	130991	31757	169724	26507	57231	195542	25277	13460	29476	61267	19203	20684	55481	61439	48028	18130	153130	23761	73887	275454	58910	116059
nitrogen_fixation.value	74738	288272	150565	682509	681408	569448	191805	335245	163688	79549	261417	632063	342936	343700	179263	440057	213360	327762	160398	195327	236503	176361	267076	128162	516059	607129	375617	66928	355915	105478	453434	454856	868515	86526	180685	89515	793462	367151	207753	120303	266292	40008	751338	164273	107314	421166	103179	433914
nitrogen_respiration.value	133650	13294	96256	68549	172991	29325	20970	92066	206618	175184	132292	290497	134809	24525	68669	181735	18908	145382	23385	121546	258782	70119	35719	251610	84092	112086	121999	50213	219643	42963	85586	87697	28580	31286	153014	86441	32358	20135	110349	86061	81070	29849	168361	29927	122746	31394	83202	103792
nitrous_oxide_denitrification.value	0	0	297	0	0	0	0	0	0	0	0	935	0	0	0	0	0	0	0	0	0	0	0	0	0	0	0	0	809	0	0	0	0	546	0	0	0	0	0	0	3612	337	0	0	119	0	0	0
nonphotosynthetic_cyanobacteria.value	58625	10617	44815	704	62862	13640	1534	23892	56793	160260	51592	46761	29265	3924	5225	6358	10225	97390	6405	56614	46926	9781	7973	8488	10207	10288	10687	5571	38964	19347	24564	31353	11999	10613	2851	17125	11139	23886	64481	17528	13914	5017	12027	2569	56725	30901	34873	8479
obligate_anaerobes.value	3539011	45786	2029566	47986	1014822	64107	106383	601099	1622368	2707302	702691	1033293	201225	62459	38317	113831	53247	1257452	54915	1151471	1958198	116316	201751	776736	147118	114289	111624	156491	1103618	588042	809249	187966	114196	192459	397868	200509	52613	56106	1268123	170695	164422	328785	414598	64735	617138	116286	435016	212906
oil_bioremediation.value	1021	0	2275	0	0	0	2046	1218	0	0	0	3554	1151	2289	249	0	965	0	291	544	0	0	5571	2515	0	0	529	0	2720	0	4181	2726	0	849	0	0	743	0	954	95	5888	1054	802	514	894	0	846	0
order	0	0	0	0	0	0	0	0	0	0	0	0	0	0	0	0	0	0	0	0	0	0	0	0	0	0	0	0	0	0	0	0	0	0	0	0	0	0	0	0	0	0	0	0	0	0	0	0
oxygenic_photoautotrophy.value	261468	188675	158576	311640	1010798	262560	52170	390944	95822	1207079	409851	675278	244790	235131	232881	182543	251550	336559	303821	950268	1222667	219553	74172	515165	284684	480333	274576	66301	387216	63343	1037681	707502	924398	246725	152249	79622	866028	328532	152816	47007	372514	135207	599509	89907	150575	416705	64792	273123
pectin_degradation.value	42584	89906	30867	63628	229819	126847	157536	91612	37755	50480	98286	219791	117875	29758	132115	86075	118060	188777	135075	42489	84161	107986	165599	95676	251143	73309	96179	28067	64984	14045	60894	73915	47793	57057	21898	79142	48165	50243	73270	82917	34716	11844	92098	110456	85983	40178	49938	76228
photoautotrophy.value	2921282	200214	1833389	381245	1919508	270744	138610	796950	1361347	3147201	743326	1390022	328634	266525	267962	223915	267562	1334632	313330	1584810	2344683	261779	113605	927003	344796	535186	338166	158234	1025806	540263	1173582	757788	970844	346955	421292	136113	878228	338965	1069925	131260	414788	383362	842636	115339	523349	425216	349477	394766
photoheterotrophy.value	33687	46616	33338	157665	128739	55922	40406	69088	27400	812981	83585	195288	69704	48725	68793	48738	38773	81392	29692	52976	156595	14917	33424	21167	103374	187863	78299	14626	125325	9433	94214	110420	34176	57058	14323	12350	24932	23795	432960	10431	81068	10498	297247	34165	20500	79590	11680	43145
phototrophy.value	2927698	213506	1834082	387749	1935601	273472	140144	811711	1365170	3153040	762060	1416958	359869	284184	290229	227246	274120	1345231	326235	1600730	2361516	262651	118410	930251	357272	549218	366417	159627	1052710	540814	1186127	779599	973742	355444	426438	140343	880880	348940	1071901	133308	430506	383278	857168	122789	527700	441887	351635	404898
phylum	0	0	0	0	0	0	0	0	0	0	0	0	0	0	0	0	0	0	0	0	0	0	0	0	0	0	0	0	0	0	0	0	0	0	0	0	0	0	0	0	0	0	0	0	0	0	0	0
plant_pathogen.value	40832	13939	12168	8437	39728	0	8695	75175	18400	4412	4323	29929	27126	31722	2239	8173	36653	36195	35224	11898	3571	13752	2185	28818	8425	8929	58089	34056	47777	8607	16464	31202	30604	2122	8691	3889	63656	16930	29719	8477	24416	17200	30967	48550	5542	23995	11850	31359
plastic_degradation.value	98068	333498	132463	224105	77445	103660	331441	524094	85865	143781	443862	252528	451767	587992	355663	482638	95683	274167	386206	118715	279016	86970	356539	230127	441852	325383	483016	149738	333477	137839	174841	973325	239508	316573	166153	71978	204228	280761	260103	80537	154921	126440	364894	406762	106659	350014	101991	310203
predatory_or_exoparasitic.value	27269	31200	40662	21094	65376	12958	42965	33326	30827	63066	46690	80432	33539	19293	16794	46015	21222	56395	13389	16247	38765	27989	8409	17607	31270	31206	32588	38165	45588	23409	25605	96181	17189	26376	11613	106979	17078	18855	47780	30341	40204	24577	23050	19523	98138	78895	33476	10893
reductive_acetogenesis.value	15968	0	17410	527	4023	0	1534	0	5894	7787	37179	18892	329	0	249	4340	2122	800	194	15376	14110	678	1311	9117	1458	1786	846	2089	15143	1239	55143	4392	3035	4609	1668	681	0	1647	39331	619	4750	12815	4910	385	2920	767	2243	621
respiration_of_sulfur_compounds.value	99314	37108	143151	31640	70405	37510	40406	63308	68819	528017	79838	138420	39127	36625	22890	50959	10806	96590	14164	97261	141120	23244	84438	130053	80041	50513	34916	28759	78663	53843	101136	54377	25817	25222	32190	68907	17821	16931	207888	48389	47230	36163	71749	32111	109816	47083	67842	48729
sulfate_respiration.value	63729	36923	46004	29530	74429	36146	37337	47937	12026	44771	70040	71453	22523	20601	22268	40262	11384	79991	10575	56673	54916	10363	55491	16456	74209	22449	28038	23049	48301	21413	95649	51801	20493	15763	5493	50010	12835	14734	69450	31671	34385	17320	50607	26588	68345	41574	43084	41423
sulfite_respiration.value	1750	30185	11673	17050	20115	30008	11764	22979	1035	4672	16141	17583	8220	12753	8334	26336	3280	12799	3978	4076	27884	6973	48937	3247	62382	5017	8252	12395	5440	8399	13459	28779	10719	3397	1112	28450	6684	7137	27810	9811	12308	4930	21044	17082	23179	30761	10030	17505
sulfur_reduction.value	70438	6554	108524	15996	9053	7502	28642	43829	23259	388000	61392	81930	22686	9156	14183	25430	5596	29798	8440	80852	71070	18112	6990	28929	8424	20323	28464	16156	68662	35460	71738	21054	9775	25707	8204	29742	7318	10800	163242	14622	26292	27143	34972	15285	50111	15764	30813	19438
sulfur_respiration.value	80575	6554	113571	12832	5030	7502	28642	41698	63323	517636	56781	81368	23837	22237	13188	22705	5210	27798	8634	86447	103035	14915	34190	123242	8910	39118	22537	12256	64989	39935	67948	18025	9168	20431	28574	31997	6258	7231	175375	22195	23215	29590	29460	14643	70548	11091	43084	18129
thiosulfate_respiration.value	48710	37108	31166	20038	38220	37510	35803	49306	12424	43733	60240	41524	23674	22236	22143	41574	9841	26798	11060	54174	49305	24891	53525	21905	67080	17006	28990	35515	47125	18108	73434	46955	17730	16550	5006	57309	12093	15009	68429	19955	30909	23897	39882	27872	69834	37806	31616	31292
ureolysis.value	323595	474266	348133	459461	2082947	283702	1025523	1253030	240713	1396153	772145	1459415	1147672	924823	786091	1103629	905518	715711	877788	448306	1027307	498574	587347	714491	766068	713346	1038827	555841	747115	353549	874585	1204612	419563	1181947	512785	374759	566524	860687	880428	245564	642898	397772	958383	935283	344759	730451	253460	680793
xylanolysis.value	56142	249964	73896	29880	116670	128893	18925	209700	38393	69167	85314	172280	154372	164820	40927	220786	50158	24999	66664	103889	121738	66342	166691	38984	344146	64800	161676	43179	134889	68161	79710	67249	36266	122727	39765	32679	40314	28279	79542	36960	112178	27614	81075	61136	50053	29997	39740	19918
