function	SA_D018	SA_D017	SA_D025	SA_D026	SA_D016	SA_D039	SA_D006	SA_D040	SA_D028	SA_D051	SA_D027	SA_D005	SA_D035	SA_D052	SA_D047	SA_D015	SA_D024	SA_D014	SA_D012	SA_D038	SA_D010	SA_D034	SA_D013	SA_D046	SA_D023	SA_D049	SA_D050	SA_D033	SA_D021	SA_D036	SA_D011	SA_D022	SA_D007	SA_D048	SA_D045	SA_D008	SA_D037	SA_D009	SA_D031	SA_D019	SA_D020	SA_D032	SA_D041	SA_D043	SA_D044	SA_D042
acetate_oxidation.value	4102	3982	3164	3189	4099	4009	3451	3909	3021	3544	3020	3253	3824	3404	3505	3512	2803	3359	3184	3794	3251	3351	3408	3286	2756	3440	3337	3389	3458	3111	3438	3267	3280	3079	2955	3108	3195	2921	3557	3138	3283	3236	3537	2834	2705	3202
acetoclastic_methanogenesis.value	1663	1491	1091	1072	1393	1382	1271	1296	1107	1248	1052	1187	1044	1134	973	1109	833	955	870	1081	910	981	929	908	799	923	897	922	1044	716	758	985	998	712	751	986	763	666	822	1038	1095	635	834	512	444	753
aerobic_ammonia_oxidation.value	551	643	488	604	661	858	456	793	505	777	558	402	872	644	1070	498	676	600	755	1231	856	1003	695	1364	589	1035	893	896	687	743	715	614	871	746	955	894	595	676	902	680	638	718	1381	1200	1094	886
aerobic_anoxygenic_phototrophy.value	0	3	0	4	0	0	14	0	0	3	2	16	0	4	0	0	0	1	4	0	0	0	1	0	3	0	0	0	0	0	1	0	0	0	0	4	0	0	0	0	0	0	0	0	0	0
aerobic_chemoheterotrophy.value	4190	3810	5360	4838	3236	3093	4753	3143	5273	3623	5332	4774	3283	3557	3537	3516	5010	3533	3901	3093	3633	3489	3310	3326	5130	3021	2899	3494	3944	3395	3690	3880	3654	3612	3596	3383	3874	3635	3340	3579	3436	3304	3253	3195	3335	3214
aerobic_nitrite_oxidation.value	0	0	34	25	5	9	0	7	8	18	11	0	5	8	5	3	1	9	0	14	5	3	5	3	3	5	12	7	3	3	0	0	2	2	0	2	14	0	5	8	5	8	17	5	7	11
alcohol_fermentation.value	725	620	521	420	780	831	542	815	442	834	465	634	961	748	894	946	683	729	1244	828	751	579	723	483	603	813	962	643	573	1323	949	593	685	1273	519	628	1281	834	580	722	665	418	797	519	656	559
alginate_degradation.value	19	12	47	7	50	30	16	47	17	42	6	22	1	23	10	37	15	5	11	2	1	0	6	2	21	0	0	0	11	2	11	16	13	12	7	15	0	18	2	7	8	0	16	16	9	5
aliphatic_non_methane_hydrocarbon_degradation.value	31	27	19	23	29	23	25	28	15	40	22	25	16	39	32	37	38	23	32	15	17	17	18	13	36	33	42	13	20	26	29	13	33	36	16	32	38	11	14	30	31	15	11	17	17	16
anaerobic_chemoheterotrophy.value	6141	5761	5951	5208	5727	5754	5404	5843	5241	6162	5260	5789	6085	5825	6303	6441	5869	6052	7473	5618	5480	5279	6171	4527	5774	5667	5828	5288	5685	7115	6461	5798	5935	7276	4909	5600	6730	6172	5753	5710	5958	5148	5253	5291	5444	4827
anammox.value	608	519	367	433	369	317	462	328	485	357	482	494	326	369	399	313	499	326	336	327	295	271	337	290	475	347	366	213	508	312	420	524	398	294	286	410	187	297	327	511	495	367	349	347	345	344
animal_parasites_or_symbionts.value	1344	1577	1230	1369	1514	1597	1213	1571	1230	1516	1406	1113	1800	1418	1902	1309	1523	1334	1486	2001	1580	1723	1403	2034	1392	1756	1654	1580	1422	1671	1517	1381	1767	1621	1710	1726	1442	1402	1682	1718	1581	1607	2088	2054	2021	1713
anoxygenic_photoautotrophy_Fe_oxidizing.value	0	12	0	0	6	0	156	0	0	0	0	151	5	4	0	0	0	0	0	0	4	0	0	0	0	0	0	0	15	0	1	9	10	0	0	12	0	0	0	15	7	0	0	0	0	0
anoxygenic_photoautotrophy_H2_oxidizing.value	146	167	88	68	102	50	630	51	35	88	42	556	39	139	227	64	112	131	127	44	91	40	195	55	199	50	43	48	129	59	743	145	246	218	40	212	39	61	53	682	485	40	29	121	181	23
anoxygenic_photoautotrophy_S_oxidizing.value	612	576	549	463	460	272	1484	287	403	453	390	1397	287	491	634	426	671	490	593	283	487	331	566	283	712	323	290	331	646	331	1258	611	878	654	310	815	417	495	364	1198	971	261	286	520	592	207
anoxygenic_photoautotrophy.value	655	614	547	445	445	276	1390	291	411	434	387	1280	287	486	549	413	631	467	550	277	504	336	530	280	653	320	286	344	630	321	1224	601	815	590	307	767	417	509	395	884	691	294	283	478	575	207
aromatic_compound_degradation.value	985	917	798	726	1049	1047	698	1056	756	1003	862	794	1010	1001	955	1235	810	983	1001	884	1074	1206	978	1058	790	925	903	1206	879	1318	859	909	1000	1195	1262	1000	1122	1168	1100	964	978	1026	1337	1045	1000	1349
aromatic_hydrocarbon_degradation.value	868	777	659	600	959	953	521	963	631	882	718	601	857	890	794	1091	650	883	855	778	981	1096	884	961	609	818	799	1093	770	1135	672	794	861	1031	1142	848	1025	1050	982	758	781	933	1164	909	870	1205
arsenate_detoxification.value	0	0	0	0	0	0	0	0	0	0	0	0	0	0	0	0	0	0	0	0	0	0	0	0	0	0	0	0	0	0	0	0	0	0	0	0	0	0	0	0	0	0	0	0	0	0
arsenate_respiration.value	3	6	7	18	3	0	9	2	6	3	3	10	12	7	8	2	5	2	11	7	6	6	2	5	5	1	0	10	3	8	11	11	16	10	5	10	0	2	7	11	17	3	35	3	10	36
arsenite_oxidation_detoxification.value	0	0	0	0	0	0	0	0	0	0	0	0	0	0	0	0	0	0	0	0	0	0	0	0	0	0	0	0	0	0	0	0	0	0	0	0	0	0	0	0	0	0	0	0	0	0
arsenite_oxidation_energy_yielding.value	0	0	0	0	0	0	0	0	0	0	0	0	0	0	0	0	0	0	0	0	0	0	0	0	0	0	0	0	0	0	0	0	0	0	0	0	0	0	0	0	0	0	0	0	0	0
cellulolysis.value	942	1003	809	705	924	862	915	854	746	871	773	866	1064	954	963	928	881	703	1069	956	886	810	730	786	910	704	778	875	841	1204	970	897	948	1179	840	877	1131	876	903	1160	1128	873	1050	894	1019	1106
chemoheterotrophy.value	12795	12508	13518	12501	11678	11588	12519	11719	12908	12276	12918	12899	11984	12141	12277	12606	13382	12192	13524	11257	12131	11426	12097	10835	13338	11030	11006	11465	11987	13536	12366	12209	12240	13466	11740	11778	12942	12723	12076	12230	12260	11721	11750	11789	12006	11908
chitinolysis.value	1616	1813	2039	2678	2784	3001	1250	2984	2201	2667	2146	1200	2409	2719	1930	2857	1856	2771	1723	3420	2772	3443	2874	3486	1916	3955	3937	3487	2915	1905	1624	2797	2291	1612	3327	2677	2806	2788	2857	1846	2074	3386	2734	3158	2747	3070
chlorate_reducers.value	0	0	0	0	0	0	0	0	0	0	0	0	0	0	0	0	0	0	0	0	0	0	0	0	0	0	0	0	0	0	0	0	0	0	0	0	0	0	0	0	0	0	0	0	0	1
chloroplasts.value	38	42	34	28	40	26	122	30	40	45	18	122	44	59	34	57	44	13	61	15	20	23	16	21	57	11	5	24	43	47	65	70	36	36	18	48	10	40	20	59	38	15	21	33	42	29
class	0	0	0	0	0	0	0	0	0	0	0	0	0	0	0	0	0	0	0	0	0	0	0	0	0	0	0	0	0	0	0	0	0	0	0	0	0	0	0	0	0	0	0	0	0	0
collagen_degradation.value	0	0	0	0	0	7	3	0	0	0	0	0	20	4	11	0	0	0	15	3	0	2	0	2	0	4	5	0	0	28	13	0	12	23	0	6	21	0	3	3	0	0	2	4	3	0
dark_hydrogen_oxidation.value	799	918	824	954	876	886	990	852	952	985	932	964	991	1007	1037	774	874	1013	865	1048	961	813	940	934	949	1107	1109	806	722	845	956	878	724	867	974	825	1056	848	856	885	1100	831	802	844	885	813
dark_iron_oxidation.value	0	0	0	0	0	0	0	0	0	0	0	0	0	0	0	0	0	0	0	0	0	0	0	0	0	0	0	1	0	0	0	0	0	0	0	0	0	0	0	0	0	0	0	0	0	2
dark_oxidation_of_sulfur_compounds.value	18	14	70	53	57	93	38	90	35	61	32	49	76	73	63	52	41	126	47	120	104	71	117	108	46	232	200	92	62	95	33	71	127	56	99	128	137	108	95	38	40	86	47	64	73	47
dark_sulfide_oxidation.value	13	8	25	25	44	75	7	78	5	55	0	15	14	68	26	45	13	114	24	116	89	55	105	89	9	223	196	70	57	43	12	59	111	15	90	115	133	95	70	36	38	61	19	42	56	21
dark_sulfite_oxidation.value	0	0	0	0	0	0	0	0	0	0	0	0	0	0	0	0	0	0	0	0	0	0	0	0	0	0	0	0	0	0	0	0	0	0	1	0	0	0	0	0	0	0	0	0	0	1
dark_sulfur_oxidation.value	29	15	42	28	32	33	51	41	47	37	59	54	65	41	49	6	27	38	40	14	50	44	30	61	45	21	11	53	29	74	33	46	39	51	31	40	18	29	44	24	21	35	45	30	25	38
dark_thiosulfate_oxidation.value	31	23	57	51	64	109	57	106	51	77	49	57	86	90	75	58	31	144	52	130	125	92	114	153	54	244	200	114	77	104	51	97	141	67	124	146	141	121	98	51	52	104	76	75	85	68
dissimilatory_arsenate_reduction.value	3	6	7	7	3	0	9	2	6	3	3	10	12	6	8	2	3	2	11	7	6	6	2	5	5	1	0	10	3	8	11	11	15	10	5	10	0	2	7	11	17	3	35	3	10	36
dissimilatory_arsenite_oxidation.value	0	0	0	0	0	0	0	0	0	0	0	0	0	0	0	0	0	0	0	0	0	0	0	0	0	0	0	0	0	0	0	0	0	0	0	0	0	0	0	0	0	0	0	0	1	0
domain	0	0	0	0	0	0	0	0	0	0	0	0	0	0	0	0	0	0	0	0	0	0	0	0	0	0	0	0	0	0	0	0	0	0	0	0	0	0	0	0	0	0	0	0	0	0
facultative_anaerobes.value	1172	954	1603	1399	887	741	1150	769	1586	1034	1559	1253	820	885	1001	1015	1318	805	1314	823	688	641	810	554	1323	782	725	629	1216	860	1188	1171	979	1109	538	891	960	807	666	1003	1018	583	677	589	660	547
family	0	0	0	0	0	0	0	0	0	0	0	0	0	0	0	0	0	0	0	0	0	0	0	0	0	0	0	0	0	0	0	0	0	0	0	0	0	0	0	0	0	0	0	0	0	0
fermentation.value	8676	8350	9303	8958	9504	9625	7551	9671	8978	9701	8921	7828	9338	9547	8893	10620	8863	9499	9929	9811	9408	9657	9665	9182	8864	10135	10339	9797	9624	10343	8679	9672	9203	9885	9606	9264	10795	10074	9569	8792	9142	9815	9399	9789	9656	9890
fish_parasites.value	0	0	0	0	0	0	0	0	0	0	0	0	0	0	1	0	0	0	1	0	0	0	0	0	0	0	2	0	0	0	1	0	0	1	0	0	0	0	0	0	0	0	0	0	0	0
fumarate_respiration.value	762	737	676	568	690	660	916	701	722	727	766	970	579	689	737	764	800	744	1034	658	897	776	672	719	758	656	661	863	627	779	933	673	743	928	875	714	1028	1019	846	694	732	824	696	711	743	785
gelatin_degradation.value	2263	2400	2672	3255	3413	3650	1858	3589	2574	3351	2514	1796	3218	3369	2652	3551	2435	3433	2533	4004	3358	3910	3477	3980	2549	4529	4554	4023	3426	2973	2326	3291	2915	2454	3914	3272	3726	3505	3424	2377	2463	3896	3283	3663	3375	3643
genus	0	0	0	0	0	0	0	0	0	0	0	0	0	0	0	0	0	0	0	0	0	0	0	0	0	0	0	0	0	0	0	0	0	0	0	0	0	0	0	0	0	0	0	0	0	0
human_associated.value	497	511	529	508	558	539	373	572	412	478	508	405	702	496	633	498	591	767	634	560	465	417	741	377	550	715	663	404	392	673	665	400	567	719	421	544	726	502	489	561	445	619	401	529	573	444
human_gut.value	140	130	145	136	214	254	75	264	75	252	108	103	344	221	252	230	204	302	243	228	237	189	310	173	159	300	329	183	122	377	220	137	209	275	206	175	322	276	224	135	98	269	126	229	248	120
human_pathogens_all.value	216	265	248	218	228	185	149	183	186	130	261	126	215	130	236	161	214	179	157	191	100	113	183	96	196	194	206	95	159	174	211	153	181	248	82	198	213	81	154	220	175	189	224	198	197	256
human_pathogens_diarrhea.value	178	236	229	200	202	171	116	174	168	117	242	104	173	118	201	144	176	164	130	170	85	97	156	90	168	174	182	84	133	151	176	122	156	189	79	153	179	74	139	188	156	167	204	180	182	245
human_pathogens_gastroenteritis.value	0	0	0	0	0	0	0	0	0	0	0	0	0	0	0	0	0	0	0	0	0	0	0	0	0	0	0	0	0	0	0	0	0	0	0	0	0	0	0	0	0	0	0	0	0	0
human_pathogens_meningitis.value	3	5	30	22	6	10	5	11	12	15	23	7	16	7	13	8	14	21	10	9	13	16	18	12	11	10	10	12	7	17	7	11	14	13	10	13	13	7	22	9	7	21	12	15	15	26
human_pathogens_nosocomia.value	0	0	0	0	0	0	0	0	0	0	0	0	0	0	0	0	0	0	0	0	0	0	0	0	0	0	0	0	0	0	0	0	0	0	0	0	0	0	0	0	0	0	0	0	0	0
human_pathogens_pneumonia.value	3	5	30	29	6	10	5	11	16	16	29	7	16	10	13	8	14	21	11	10	13	16	18	12	11	10	10	12	8	17	8	11	14	13	10	16	13	7	24	9	8	21	12	15	15	26
human_pathogens_septicemia.value	0	0	0	0	0	0	0	0	0	0	0	0	0	0	0	0	0	0	0	0	0	0	0	0	0	0	0	0	0	0	0	0	0	0	0	0	0	0	0	0	0	0	0	0	0	0
hydrocarbon_degradation.value	1649	1507	1631	1420	1439	1387	1610	1415	1659	1341	1743	1806	1184	1313	1249	1593	1624	1223	1376	1025	1375	1218	1296	1005	1700	1054	1075	1216	1356	1661	1161	1375	1373	1526	1164	1356	1360	1551	1272	1237	1327	1153	1443	1306	1258	1388
hydrogenotrophic_methanogenesis.value	910	1147	616	802	816	849	943	798	993	885	848	923	860	920	912	593	848	655	616	876	576	569	675	820	989	885	796	566	753	465	639	779	578	636	668	626	362	419	518	693	680	429	737	549	464	579
intracellular_parasites.value	40	67	85	118	55	27	88	43	99	44	101	72	56	43	57	16	74	33	78	35	34	35	54	23	87	38	38	18	69	45	80	67	64	63	28	50	35	14	29	94	98	25	21	27	28	11
invertebrate_parasites.value	3	16	11	4	6	5	11	7	2	4	3	3	10	12	13	8	4	5	9	9	11	3	3	5	7	8	0	13	6	13	12	6	10	26	3	9	12	16	20	8	4	27	25	27	26	35
iron_oxidation.value	97	146	82	95	86	81	277	96	146	73	115	248	71	103	63	99	71	83	72	76	71	68	69	83	88	75	41	64	86	74	62	97	119	52	105	96	81	69	72	120	75	75	71	91	81	91
iron_respiration.value	1031	1031	1049	1015	1001	929	1015	961	1104	963	1200	1016	958	1032	950	1136	990	1369	966	1011	1450	1245	1267	1282	1032	1066	1109	1283	1085	1026	937	1151	1273	1005	1566	1245	1327	1519	1461	899	794	1641	1287	1515	1541	1619
knallgas_bacteria.value	132	119	264	253	185	128	172	141	131	170	153	165	161	143	133	206	211	331	159	239	360	235	263	229	233	280	343	234	127	207	182	182	213	166	306	215	576	387	337	140	90	382	147	316	325	198
lactate_oxidation.value	356	377	410	423	358	376	339	383	444	380	456	345	353	371	397	478	383	350	427	299	383	342	356	330	366	357	358	345	437	392	415	428	470	431	341	422	405	363	367	411	477	310	348	334	303	334
lactic_acid_fermentation.value	701	635	515	440	663	706	484	703	397	796	418	547	1036	699	921	714	754	753	1168	873	668	549	802	506	701	734	907	647	530	1428	941	620	644	1263	496	582	1300	770	676	688	658	557	790	694	772	665
ligninolysis.value	14	20	39	41	17	10	27	12	45	31	54	33	0	31	19	27	28	0	17	0	10	0	0	0	31	0	2	0	15	0	17	17	10	26	0	16	0	0	0	32	24	0	0	0	0	0
mammal_gut.value	127	148	137	168	196	214	117	219	113	191	150	124	332	218	226	180	153	417	174	244	379	349	400	344	125	369	371	337	145	336	175	159	407	215	389	408	228	391	459	171	150	528	205	478	489	223
manganese_oxidation.value	0	0	0	0	0	0	0	0	5	0	0	4	0	0	0	0	4	0	0	0	0	0	0	0	0	0	0	0	2	0	5	5	0	0	0	3	0	0	0	0	3	0	0	0	0	0
manganese_respiration.value	646	650	631	613	619	578	677	599	755	609	845	661	551	674	580	761	603	871	560	592	866	775	841	857	628	632	632	780	738	540	514	764	843	601	1045	829	576	933	882	599	530	1028	802	977	998	1023
methanogenesis_by_CO2_reduction_with_H2.value	1269	1551	839	1087	1522	1533	1313	1426	1360	1461	1239	1251	1513	1434	1515	1058	1213	1091	1109	1424	1099	1206	1170	1427	1363	1255	1186	1211	1267	822	1109	1223	1040	954	1079	1048	569	807	1136	1143	1101	885	1319	1039	807	966
methanogenesis_by_disproportionation_of_methyl_groups.value	64	87	32	21	146	153	54	110	49	148	32	55	76	110	45	94	20	70	26	116	60	71	67	74	12	53	54	82	102	53	30	119	93	50	48	110	55	45	108	115	103	77	191	94	69	126
methanogenesis_by_reduction_of_methyl_compounds_with_H2.value	68	67	61	88	86	98	84	86	183	115	151	92	108	140	98	46	73	25	60	72	31	31	26	42	68	46	26	20	38	85	55	52	19	81	38	23	38	28	12	39	42	10	23	16	24	56
methanogenesis_using_formate.value	961	1208	601	829	1173	1153	935	1089	904	1004	878	859	1140	966	1082	814	932	793	812	1025	885	1007	889	1110	1076	888	857	991	1002	583	806	937	785	616	823	714	383	654	915	801	790	722	963	775	541	708
methanogenesis.value	2868	2955	1898	2138	2769	2762	2530	2612	2418	2561	2259	2383	2481	2458	2443	2073	2026	1976	1953	2389	1949	2116	2032	2261	2150	2125	2029	2051	2209	1485	1841	2089	1945	1616	1782	1928	1277	1428	1858	2074	2093	1465	1964	1457	1182	1605
methanol_oxidation.value	1019	932	1234	961	722	750	1381	711	1371	827	1303	1485	561	786	598	741	1197	557	695	486	637	509	573	470	1286	438	427	529	741	683	637	782	691	634	492	704	516	722	537	617	652	462	657	590	541	572
methanotrophy.value	948	894	1185	970	576	556	1361	565	1208	596	1197	1439	474	537	566	605	1246	521	672	393	625	459	571	449	1359	418	452	459	684	687	642	732	657	578	460	651	474	730	448	547	609	399	486	558	525	391
methylotrophy.value	1170	1129	1423	1184	888	889	1639	854	1665	938	1586	1740	701	889	768	846	1438	665	829	602	788	626	713	607	1539	571	582	632	934	871	775	982	839	786	597	854	614	860	634	793	868	560	788	753	681	695
nitrate_ammonification.value	132	119	264	253	185	128	172	141	132	172	153	165	161	143	133	206	211	331	159	239	360	235	263	230	233	280	343	234	127	207	182	182	213	164	306	215	576	387	337	140	90	382	148	316	326	198
nitrate_denitrification.value	305	310	351	301	384	372	362	391	372	314	390	313	448	382	298	386	404	554	274	238	443	482	470	432	417	324	283	486	246	423	255	270	370	327	459	354	320	380	309	129	176	397	515	321	336	560
nitrate_reduction.value	1381	1327	1975	1964	1543	1579	1376	1667	1691	1576	1691	1294	1694	1795	1365	1776	1670	2297	1463	1455	2393	2088	1934	2146	1737	1843	1928	2214	1450	1700	1497	1567	1893	1525	2404	1857	2173	2437	2165	1301	1183	2463	1867	2113	2208	2245
nitrate_respiration.value	602	575	990	922	779	774	733	789	768	779	798	648	839	804	656	772	839	1184	632	754	1216	1108	1061	1191	880	914	969	1106	613	925	615	689	905	709	1280	847	1160	1182	1197	474	484	1234	1053	1181	1206	1209
nitrification.value	551	643	522	629	666	867	454	800	513	795	569	402	877	652	1074	501	677	609	755	1245	861	1006	700	1367	592	1040	905	903	690	746	715	614	873	748	955	896	609	676	907	688	643	726	1398	1205	1101	897
nitrite_ammonification.value	140	124	264	253	199	128	181	144	135	185	164	180	161	157	146	206	220	344	175	240	363	235	265	230	239	284	350	236	127	207	189	189	213	176	309	218	581	389	340	151	99	382	151	322	334	198
nitrite_denitrification.value	295	295	339	291	364	337	325	360	353	294	356	293	432	351	286	365	389	512	269	229	414	452	454	381	382	301	281	462	222	409	239	230	346	312	425	326	314	366	291	118	166	385	492	310	325	548
nitrite_respiration.value	900	816	869	900	891	750	842	799	903	774	945	854	870	837	775	834	967	1145	709	774	1055	928	1010	894	973	910	942	879	838	862	789	927	934	730	1004	934	1031	1028	937	756	741	1111	933	949	977	1046
nitrogen_fixation.value	663	669	1069	899	654	662	1022	652	1066	674	1081	1114	456	593	510	586	1006	543	506	467	556	406	537	432	1111	468	457	425	624	558	515	712	605	550	426	628	484	571	432	595	612	368	474	485	455	435
nitrogen_respiration.value	1138	1023	1228	1213	1081	932	1119	961	1153	1005	1176	1104	1035	1061	954	1006	1280	1351	888	927	1360	1212	1231	1285	1307	1097	1172	1160	1050	1056	950	1132	1186	889	1398	1144	1203	1355	1292	903	887	1445	1270	1305	1342	1425
nitrous_oxide_denitrification.value	26	23	63	35	6	4	58	2	65	7	77	52	1	9	6	11	41	13	6	3	6	0	7	0	39	3	0	1	10	0	6	10	4	5	4	5	15	0	4	10	23	8	14	0	2	5
nonphotosynthetic_cyanobacteria.value	100	108	23	41	46	57	103	45	36	40	35	81	44	63	71	8	20	33	53	35	41	35	38	37	24	22	36	29	46	80	68	52	40	92	24	60	38	50	34	51	72	16	60	31	27	34
obligate_anaerobes.value	10847	10774	9327	9613	11907	11994	10130	11869	9122	11433	9127	10092	11701	11319	11116	12054	9662	11209	11497	11998	11116	11442	11573	10895	9531	12106	12220	11598	11042	11876	11483	10959	11057	11432	10894	11189	11967	11243	11499	11386	11808	11100	11218	11066	10777	11079
oil_bioremediation.value	552	436	499	388	422	395	364	415	223	446	214	391	312	378	270	522	276	471	341	363	362	309	519	238	298	367	421	275	410	386	303	363	327	346	317	346	503	518	348	278	329	366	284	317	332	207
order	0	0	0	0	0	0	0	0	0	0	0	0	0	0	0	0	0	0	0	0	0	0	0	0	0	0	0	0	0	0	0	0	0	0	0	0	0	0	0	0	0	0	0	0	0	0
oxygenic_photoautotrophy.value	212	196	186	167	151	182	499	179	331	261	326	551	51	288	121	152	306	81	129	72	47	45	77	32	374	62	67	36	125	49	178	153	107	140	32	124	40	68	30	181	140	19	44	52	75	50
pectin_degradation.value	194	184	140	164	140	138	158	114	143	156	157	174	215	202	161	120	143	134	170	148	102	115	127	104	167	117	142	105	131	173	164	131	135	135	114	135	188	86	117	195	192	128	154	85	106	170
photoautotrophy.value	863	809	723	607	596	456	1889	468	733	695	707	1828	338	774	670	565	937	548	679	347	551	381	605	311	1026	382	353	380	753	370	1402	750	922	730	339	890	457	577	423	1065	829	313	327	530	650	257
photoheterotrophy.value	129	132	167	103	144	181	487	166	123	179	119	415	15	207	131	110	91	122	92	66	53	35	160	51	213	62	60	26	82	17	623	113	135	131	46	140	52	50	60	241	133	64	31	86	156	25
phototrophy.value	877	817	735	623	618	473	1904	486	753	721	734	1841	339	796	671	570	939	550	685	349	571	397	607	335	1033	385	359	391	760	370	1403	757	921	731	373	896	457	594	446	1076	827	345	346	566	675	268
phylum	0	0	0	0	0	0	0	0	0	0	0	0	0	0	0	0	0	0	0	0	0	0	0	0	0	0	0	0	0	0	0	0	0	0	0	0	0	0	0	0	0	0	0	0	0	0
plant_pathogen.value	0	0	0	0	0	0	0	0	0	0	0	0	0	0	0	0	0	0	0	0	0	0	0	0	0	0	0	0	0	0	0	0	0	0	0	0	0	0	0	0	0	0	0	0	0	0
plastic_degradation.value	214	166	191	134	101	92	225	110	124	118	110	248	126	84	112	140	144	65	128	64	144	111	77	106	151	63	56	100	138	132	109	114	99	132	113	102	113	196	107	119	132	133	95	82	119	86
predatory_or_exoparasitic.value	56	54	73	65	51	29	56	42	61	38	82	38	38	58	37	41	80	32	31	50	30	39	46	36	28	60	39	18	44	45	46	48	31	55	21	19	62	35	41	56	55	36	31	60	50	33
reductive_acetogenesis.value	1205	1079	1067	803	1034	1105	1053	1200	900	1148	929	1198	1099	1125	1167	1328	1039	1013	1465	955	1076	992	1079	892	952	948	961	1063	1111	1460	1268	1128	1081	1573	982	1052	1173	1332	1137	1181	1386	1085	1139	1112	1123	1314
respiration_of_sulfur_compounds.value	1107	1169	1159	1068	1296	1357	1199	1339	1101	1305	1238	1170	1286	1266	1285	1351	976	1333	1226	1069	1482	1371	1369	1371	925	1151	1181	1382	1327	1442	1146	1361	1282	1417	1506	1243	1169	1707	1512	969	1433	1469	1371	1492	1441	1554
sulfate_respiration.value	1291	1240	1390	1201	1459	1460	993	1448	883	1410	950	999	1262	1354	1243	1521	1018	1667	1274	1326	1521	1388	1708	1312	975	1405	1485	1353	1455	1500	1169	1452	1381	1443	1502	1380	1584	1793	1670	1115	1568	1561	1332	1623	1521	1387
sulfite_respiration.value	207	194	283	236	253	298	145	307	153	282	179	128	308	270	279	314	199	337	291	270	402	318	326	280	188	314	317	327	270	361	242	279	337	371	305	325	324	505	353	171	233	333	293	299	322	354
sulfur_reduction.value	388	434	372	437	459	503	448	469	358	476	446	406	547	499	572	451	446	496	554	459	544	515	504	409	407	546	514	474	430	533	541	456	449	512	469	462	445	506	532	490	793	451	480	447	497	562
sulfur_respiration.value	524	609	471	483	571	605	737	567	543	581	655	687	650	601	694	601	509	604	709	545	629	656	624	541	495	600	548	652	528	663	681	554	528	621	612	564	550	659	633	541	910	579	648	570	583	740
thiosulfate_respiration.value	820	839	852	807	994	1105	768	1050	649	1054	748	735	1058	1012	1015	1002	701	1054	943	931	1263	1126	1088	1131	658	1019	1003	1104	1073	1195	868	1106	1019	1049	1218	1004	924	1371	1307	823	1193	1219	1114	1242	1234	1260
ureolysis.value	1087	1187	1056	1192	1124	1230	1306	1198	1116	1166	1170	1140	1273	1231	1553	967	1197	1068	1195	1498	1292	1356	1141	1753	1193	1360	1216	1258	1153	1047	1727	1092	1373	1230	1405	1420	906	1098	1295	1348	1122	1260	1747	1620	1686	1335
xylanolysis.value	211	252	299	332	292	242	293	201	397	240	333	299	276	261	228	252	334	244	317	221	227	202	239	168	313	207	224	205	238	297	261	255	231	289	193	202	302	195	187	296	251	232	163	133	218	165
